-- phpMyAdmin SQL Dump
-- version 4.8.5
-- https://www.phpmyadmin.net/
--
-- Host: 127.0.0.1
-- Generation Time: Jun 22, 2019 at 08:52 AM
-- Server version: 10.1.38-MariaDB
-- PHP Version: 7.3.2

SET SQL_MODE = "NO_AUTO_VALUE_ON_ZERO";
SET AUTOCOMMIT = 0;
START TRANSACTION;
SET time_zone = "+00:00";


/*!40101 SET @OLD_CHARACTER_SET_CLIENT=@@CHARACTER_SET_CLIENT */;
/*!40101 SET @OLD_CHARACTER_SET_RESULTS=@@CHARACTER_SET_RESULTS */;
/*!40101 SET @OLD_COLLATION_CONNECTION=@@COLLATION_CONNECTION */;
/*!40101 SET NAMES utf8mb4 */;

--
-- Database: `swmc`
--

-- --------------------------------------------------------

--
-- Table structure for table `alotte`
--

CREATE TABLE `alotte` (
  `alotteid` int(11) NOT NULL,
  `applicantid` int(11) NOT NULL,
  `alottename` varchar(50) COLLATE utf8_unicode_ci NOT NULL,
  `alotterelation` varchar(50) COLLATE utf8_unicode_ci NOT NULL,
  `alotteaddres` varchar(100) COLLATE utf8_unicode_ci NOT NULL
) ENGINE=InnoDB DEFAULT CHARSET=utf8 COLLATE=utf8_unicode_ci;

-- --------------------------------------------------------

--
-- Table structure for table `applicant_documents`
--

CREATE TABLE `applicant_documents` (
  `documentid` int(11) NOT NULL,
  `applicantid` int(11) NOT NULL,
  `documentName` varchar(100) COLLATE utf8_unicode_ci NOT NULL,
  `date_passed` date NOT NULL,
  `exp_date` date NOT NULL
) ENGINE=InnoDB DEFAULT CHARSET=utf8 COLLATE=utf8_unicode_ci;

--
-- Dumping data for table `applicant_documents`
--

INSERT INTO `applicant_documents` (`documentid`, `applicantid`, `documentName`, `date_passed`, `exp_date`) VALUES
(1, 135, 'dsa', '0000-00-00', '0000-00-00'),
(2, 136, 'aaaa', '0000-00-00', '0000-00-00'),
(3, 137, 'cxzcxz', '2019-05-02', '2019-05-09'),
(4, 138, 'dsadsa', '2019-05-11', '2019-05-31'),
(5, 140, 'dsa', '0000-00-00', '0000-00-00'),
(6, 141, 'zzz', '2019-05-09', '2019-05-17'),
(7, 142, 'dsa', '2019-05-08', '2019-05-16'),
(8, 143, 'dsaew', '2019-05-09', '1998-12-23'),
(9, 5, 'test', '0000-00-00', '0000-00-00'),
(10, 5, 'test', '0000-00-00', '0000-00-00'),
(11, 5, 'test', '0000-00-00', '0000-00-00'),
(12, 5, 'test', '0000-00-00', '0000-00-00'),
(13, 5, 'test', '0000-00-00', '0000-00-00'),
(14, 5, 'test', '0000-00-00', '0000-00-00'),
(15, 56, 'aaewqewq', '0000-00-00', '0000-00-00'),
(16, 56, 'aaewqewq', '0000-00-00', '0000-00-00'),
(17, 56, 'aaewqewq', '0000-00-00', '0000-00-00'),
(18, 56, 'aaewqewq', '0000-00-00', '0000-00-00'),
(19, 56, 'aaewqewq', '0000-00-00', '0000-00-00'),
(20, 56, 'aaewqewq', '0000-00-00', '0000-00-00');

-- --------------------------------------------------------

--
-- Table structure for table `applicant_image`
--

CREATE TABLE `applicant_image` (
  `imagesid` int(11) NOT NULL,
  `imagename` varchar(200) COLLATE utf8_unicode_ci NOT NULL,
  `applicantid` int(11) NOT NULL
) ENGINE=InnoDB DEFAULT CHARSET=utf8 COLLATE=utf8_unicode_ci;

--
-- Dumping data for table `applicant_image`
--

INSERT INTO `applicant_image` (`imagesid`, `imagename`, `applicantid`) VALUES
(1, '2000px-Man_Waving_Hand_Cartoon_Vector.svg.png', 210),
(2, 'about.jpg', 211),
(3, '1200x630wa.png', 212),
(4, '1200x630wa.png', 213),
(5, '1200x630wa.png', 214),
(6, '2000px-Man_Waving_Hand_Cartoon_Vector.svg.png', 215),
(7, 'cover.png', 216),
(8, '1200x630wa.png', 217),
(9, '1200x630wa.png', 218),
(10, '2000px-Man_Waving_Hand_Cartoon_Vector.svg.png', 219),
(11, '2000px-Man_Waving_Hand_Cartoon_Vector.svg.png', 220),
(12, '1200x630wa.png', 221),
(13, '2000px-Man_Waving_Hand_Cartoon_Vector.svg.png', 222),
(14, '1200x630wa.png', 223),
(15, '2000px-Man_Waving_Hand_Cartoon_Vector.svg.png', 224),
(16, '2000px-Man_Waving_Hand_Cartoon_Vector.svg.png', 225),
(17, '2000px-Man_Waving_Hand_Cartoon_Vector.svg.png', 226),
(18, '1200x630wa.png', 227),
(19, '2000px-Man_Waving_Hand_Cartoon_Vector.svg.png', 228),
(20, '60621723_2457846974235723_4990295859540262912_o.jpg', 229),
(21, '60019789_2411872998864323_3705222098180898816_o.jpg', 230),
(22, 'photos/about.jpg', 232),
(23, '/photos/header.png', 247),
(32, 'photos/60621723_2457846974235723_4990295859540262912_o.jpg', 248);

-- --------------------------------------------------------

--
-- Table structure for table `applicant_loan`
--

CREATE TABLE `applicant_loan` (
  `loadid` int(11) NOT NULL,
  `applicantid` int(11) NOT NULL,
  `loan_category` varchar(50) COLLATE utf8_unicode_ci NOT NULL,
  `loan_type` varchar(50) COLLATE utf8_unicode_ci NOT NULL,
  `loan_existing` varchar(50) COLLATE utf8_unicode_ci NOT NULL
) ENGINE=InnoDB DEFAULT CHARSET=utf8 COLLATE=utf8_unicode_ci;

--
-- Dumping data for table `applicant_loan`
--

INSERT INTO `applicant_loan` (`loadid`, `applicantid`, `loan_category`, `loan_type`, `loan_existing`) VALUES
(1, 19, 'abcd', 'abc', 'Completed'),
(2, 32, 'abce', 'abc', 'Actve'),
(3, 32, 'abc', '', ''),
(4, 1, 'test1234', '', ''),
(5, 40, 'test1', '', 'Actve'),
(6, 19, 'test1', '', 'Actve'),
(7, 7, 'test', '', ''),
(8, 40, 'test1', 'dsadsa', 'Completed');

-- --------------------------------------------------------

--
-- Table structure for table `applicant_tbl`
--

CREATE TABLE `applicant_tbl` (
  `applicantId` bigint(20) NOT NULL,
  `applicant_status` varchar(50) COLLATE utf8_unicode_ci NOT NULL,
  `firstname` varchar(50) COLLATE utf8_unicode_ci NOT NULL,
  `lastname` varchar(50) COLLATE utf8_unicode_ci NOT NULL,
  `middlename` varchar(50) COLLATE utf8_unicode_ci NOT NULL,
  `suffix` varchar(50) COLLATE utf8_unicode_ci NOT NULL,
  `civilstatus` varchar(50) COLLATE utf8_unicode_ci NOT NULL,
  `gender` varchar(50) COLLATE utf8_unicode_ci NOT NULL,
  `age` int(11) NOT NULL,
  `address` varchar(250) COLLATE utf8_unicode_ci NOT NULL,
  `address_brgy` int(11) NOT NULL,
  `address_city` int(11) NOT NULL,
  `address_province` int(11) NOT NULL,
  `address_country` int(11) NOT NULL,
  `religion` varchar(250) COLLATE utf8_unicode_ci NOT NULL,
  `citizenship` varchar(60) COLLATE utf8_unicode_ci NOT NULL,
  `birthdate` date NOT NULL,
  `placeofbirth` varchar(250) COLLATE utf8_unicode_ci NOT NULL,
  `telephoneno` varchar(50) COLLATE utf8_unicode_ci NOT NULL,
  `mobileno` varchar(50) COLLATE utf8_unicode_ci NOT NULL,
  `height` int(11) NOT NULL,
  `weight` int(11) NOT NULL,
  `spouse_firstname` varchar(50) COLLATE utf8_unicode_ci NOT NULL,
  `spouse_middlename` varchar(50) COLLATE utf8_unicode_ci NOT NULL,
  `spouse_lastname` varchar(50) COLLATE utf8_unicode_ci NOT NULL,
  `spouse_suffix` varchar(50) COLLATE utf8_unicode_ci NOT NULL,
  `noofchildren` varchar(50) COLLATE utf8_unicode_ci NOT NULL,
  `father_firstname` varchar(50) COLLATE utf8_unicode_ci NOT NULL,
  `father_middlename` varchar(50) COLLATE utf8_unicode_ci NOT NULL,
  `father_lastname` varchar(50) COLLATE utf8_unicode_ci NOT NULL,
  `father_suffix` varchar(50) COLLATE utf8_unicode_ci NOT NULL,
  `mother_firstname` varchar(50) COLLATE utf8_unicode_ci NOT NULL,
  `mother_middlename` varchar(50) COLLATE utf8_unicode_ci NOT NULL,
  `mother_lastname` varchar(50) COLLATE utf8_unicode_ci NOT NULL,
  `mother_suffix` varchar(50) COLLATE utf8_unicode_ci NOT NULL
) ENGINE=InnoDB DEFAULT CHARSET=utf8 COLLATE=utf8_unicode_ci;

--
-- Dumping data for table `applicant_tbl`
--

INSERT INTO `applicant_tbl` (`applicantId`, `applicant_status`, `firstname`, `lastname`, `middlename`, `suffix`, `civilstatus`, `gender`, `age`, `address`, `address_brgy`, `address_city`, `address_province`, `address_country`, `religion`, `citizenship`, `birthdate`, `placeofbirth`, `telephoneno`, `mobileno`, `height`, `weight`, `spouse_firstname`, `spouse_middlename`, `spouse_lastname`, `spouse_suffix`, `noofchildren`, `father_firstname`, `father_middlename`, `father_lastname`, `father_suffix`, `mother_firstname`, `mother_middlename`, `mother_lastname`, `mother_suffix`) VALUES
(0, '', '', 'ewq', 'ewq', '', 'Married', 'Male', 20, 'eeeeeeeeeeeeee', 0, 0, 0, 0, 'eee', 'eee', '2019-05-09', 'ewq', '321', 'dsa', 123, 123, 'a', 'a', 'a', 'a', '20', 'a', 'a', 'a', 'a', 'a', 'a', 'a', 'a'),
(1, '', 'test', 'test', 'ew', 'ewq', 'Married', 'Male', 0, 'ewq', 0, 0, 0, 0, 'das', 'dsa', '0000-00-00', 'da', '', '', 0, 0, 'dsa', 'dsa', 'dsa', '', '1', 'a', 'a', 'a', 'a', 'a', 'a', 'a', 'a'),
(3, '', '', '', '', '', '2', '2', 0, '', 0, 0, 0, 0, '', '', '0000-00-00', '', '', '', 0, 0, '', '', '', '', '', '', '', '', '', '', '', '', ''),
(4, '', '', '', '', '', '2', '2', 0, '', 0, 0, 0, 0, '', '', '0000-00-00', '', '', '', 0, 0, '', '', '', '', '', '', '', '', '', '', '', '', ''),
(5, 'Active', 'Arline ', 'a', 'a', 'ewq', 'Married', 'Male', 12, 'da', 0, 0, 0, 0, 'dd', 'dd', '2019-05-08', 'dd', '123', '123', 123, 123, 'a', 'a', 'a', 'a', 'a', 'a', 'a', 'a', 'a', 'a', 'a', 'a', 'a'),
(6, 'Not Active', 'Arline ', 'test', '', '', 'Single', 'Male', 12, '', 0, 0, 0, 0, '', '', '2019-05-10', '', '123', '123', 12, 12, '', '', '', '', '', '', '', '', '', '', '', '', ''),
(7, '', 'Arline ', 'test', '', '', '2', '4', 0, '', 0, 0, 0, 0, '', '', '0000-00-00', '', '', '', 0, 0, '', '', '', '', '', '', '', '', '', '', '', '', ''),
(8, '', '', '', '', '', '3', '3', 0, '', 0, 0, 0, 0, '', '', '0000-00-00', '', '', '', 0, 0, '', '', '', '', '', '', '', '', '', '', '', '', ''),
(9, '', '', '', '', '', '3', '3', 0, '', 0, 0, 0, 0, '', '', '0000-00-00', '', '', '', 0, 0, '', '', '', '', '', '', '', '', '', '', '', '', ''),
(10, '', '', '', '', '', '2', '2', 0, '', 0, 0, 0, 0, '', '', '0000-00-00', '', '', '', 0, 0, '', '', '', '', '', '', '', '', '', '', '', '', ''),
(11, '', '', '', '', '', '3', '3', 0, '', 0, 0, 0, 0, '', '', '0000-00-00', '', '', '', 0, 0, '', '', '', '', '', '', '', '', '', '', '', '', ''),
(12, '', '', '', '', '', '3', '3', 0, '', 0, 0, 0, 0, '', '', '0000-00-00', '', '', '', 0, 0, '', '', '', '', '', '', '', '', '', '', '', '', ''),
(13, '', '', '', '', '', '2', '4', 0, '', 0, 0, 0, 0, '', '', '0000-00-00', '', '', '', 0, 0, '', '', '', '', '', '', '', '', '', '', '', '', ''),
(14, '', '', '', '', '', '2', '3', 0, '', 0, 0, 0, 0, '', '', '0000-00-00', '', '', '', 0, 0, '', '', '', '', '', '', '', '', '', '', '', '', ''),
(15, '', '', '', '', '', '2', '4', 0, '', 0, 0, 0, 0, '', '', '0000-00-00', '', '', '', 0, 0, '', '', '', '', '', '', '', '', '', '', '', '', ''),
(16, '', '', '', '', '', '3', '3', 0, '', 0, 0, 0, 0, '', '', '0000-00-00', '', '', '', 0, 0, '', '', '', '', '', '', '', '', '', '', '', '', ''),
(17, '', '', '', '', '', '3', '3', 0, '', 0, 0, 0, 0, '', '', '0000-00-00', '', '', '', 0, 0, '', '', '', '', '', '', '', '', '', '', '', '', ''),
(18, '', '', '', '', '', '3', '3', 0, '', 0, 0, 0, 0, '', '', '0000-00-00', '', '', '', 0, 0, '', '', '', '', '', '', '', '', '', '', '', '', ''),
(19, '', 'ewq', 'ewq', 'ewq', '', '3', '2', 0, '', 0, 0, 0, 0, '', '', '0000-00-00', '', '', '', 0, 0, '', '', '', '', '', '', '', '', '', '', '', '', ''),
(20, '', '', '', '', '', '2', '2', 0, '', 0, 0, 0, 0, '', '', '0000-00-00', '', '', '', 0, 0, '', '', '', '', '', '', '', '', '', '', '', '', ''),
(21, '', '', '', '', '', '3', '2', 0, '', 0, 0, 0, 0, '', '', '0000-00-00', '', '', '', 0, 0, '', '', '', '', '', '', '', '', '', '', '', '', ''),
(22, '', '', '', '', '', '2', '3', 0, '', 0, 0, 0, 0, '', '', '0000-00-00', '', '', '', 0, 0, '', '', '', '', '', '', '', '', '', '', '', '', ''),
(23, '', '', '', '', '', '3', '3', 0, '', 0, 0, 0, 0, '', '', '0000-00-00', '', '', '', 0, 0, '', '', '', '', '', '', '', '', '', '', '', '', ''),
(24, '', '', '', '', '', '3', '3', 0, '', 0, 0, 0, 0, '', '', '0000-00-00', '', '', '', 0, 0, '', '', '', '', '', '', '', '', '', '', '', '', ''),
(25, '', '', '', '', '', '2', '2', 0, '', 0, 0, 0, 0, '', '', '0000-00-00', '', '', '', 0, 0, '', '', '', '', '', '', '', '', '', '', '', '', ''),
(26, '', '', '', '', '', '2', '2', 0, '', 0, 0, 0, 0, '', '', '0000-00-00', '', '', '', 0, 0, '', '', '', '', '', '', '', '', '', '', '', '', ''),
(27, '', '', '', '', '', '2', '3', 0, '', 0, 0, 0, 0, '', '', '0000-00-00', '', '', '', 0, 0, '', '', '', '', '', '', '', '', '', '', '', '', ''),
(28, '', '', '', '', '', '2', '3', 0, '', 0, 0, 0, 0, '', '', '0000-00-00', '', '', '', 0, 0, '', '', '', '', '', '', '', '', '', '', '', '', ''),
(29, '', '', '', '', '', '2', '2', 0, '', 0, 0, 0, 0, '', '', '0000-00-00', '', '', '', 0, 0, '', '', '', '', '', '', '', '', '', '', '', '', ''),
(30, '', '', '', '', '', '2', '3', 0, '', 0, 0, 0, 0, '', '', '0000-00-00', '', '', '', 0, 0, '', '', '', '', '', '', '', '', '', '', '', '', ''),
(31, '', '', '', '', '', '2', '2', 0, '', 0, 0, 0, 0, '', '', '0000-00-00', '', '', '', 0, 0, '', '', '', '', '', '', '', '', '', '', '', '', ''),
(32, '', 'jaymon ', 'rivera', 'de la cruz', '', 'Married', 'Male', 12, 'aaaaaaaaaa', 0, 0, 0, 0, 'aaaaaaaaaa', 'aaaaaaaa', '2019-05-22', 'aaa', '232', '23', 12, 12, 'ewq', 'ewq', 'ewq', 'ewq', 'aa', 'a', 'a', 'a', 'a', 'a', 'a', 'a', 'a'),
(33, 'Active', 'dsa', 'dsa', 'dsa', '', '2', '3', 0, '', 0, 0, 0, 0, '', '', '0000-00-00', '', '', '', 0, 0, '', '', '', '', '', '', '', '', '', '', '', '', ''),
(34, '', '', '', '', '', '2', '2', 0, '', 0, 0, 0, 0, '', '', '0000-00-00', '', '', '', 0, 0, '', '', '', '', '', '', '', '', '', '', '', '', ''),
(35, 'Active', '', '', '', '', '2', '2', 0, '', 0, 0, 0, 0, '', '', '0000-00-00', '', '', '', 0, 0, '', '', '', '', '', '', '', '', '', '', '', '', ''),
(36, 'Active', '', '', '', '', '3', '2', 0, '', 0, 0, 0, 0, '', '', '0000-00-00', '', '', '', 0, 0, '', '', '', '', '', '', '', '', '', '', '', '', ''),
(37, 'Active', '', '', '', '', '2', '2', 0, '', 0, 0, 0, 0, '', '', '0000-00-00', '', '', '', 0, 0, '', '', '', '', '', '', '', '', '', '', '', '', ''),
(38, 'Not Active', '', '', '', '', '2', '2', 0, '', 0, 0, 0, 0, '', '', '0000-00-00', '', '', '', 0, 0, '', '', '', '', '', '', '', '', '', '', '', '', ''),
(39, 'Active', '', '', '', '', '2', '2', 0, '', 0, 0, 0, 0, '', '', '0000-00-00', '', '', '', 0, 0, '', '', '', '', '', '', '', '', '', '', '', '', ''),
(40, 'Active', 'Arline ', 'Suniga', 'A.', '', 'Single', 'female', 20, 'Makati', 0, 0, 0, 0, 'Catholic', 'Filipino', '1998-02-10', 'Las Pinas', '4710183', '09369360218', 123, 89, 'Walang forever', 'yes', 'Yes', '', '5', 'Ama', 'Yeah', 'ina', '', 'Ina', 'Oh', 'Ama', ''),
(41, 'Active', '', '', '', '', '0', '0', 0, '', 0, 0, 0, 0, '', '', '0000-00-00', '', '', '', 0, 0, '', '', '', '', '', '', '', '', '', '', '', '', ''),
(42, 'Not Active', 'dsa', 'da', '', '', '0', '0', 0, '', 0, 0, 0, 0, '', '', '0000-00-00', '', '', '', 0, 0, '', '', '', '', '', '', '', '', '', '', '', '', ''),
(43, 'Active', '', '', '', '', '0', '0', 0, '', 0, 0, 0, 0, '', '', '0000-00-00', '', '', '', 0, 0, '', '', '', '', '', '', '', '', '', '', '', '', ''),
(44, 'Active', '', '', '', '', '0', '0', 0, '', 0, 0, 0, 0, '', '', '0000-00-00', '', '', '', 0, 0, '', '', '', '', '', '', '', '', '', '', '', '', ''),
(45, 'Active', '', '', '', '', '0', '0', 0, '', 0, 0, 0, 0, '', '', '0000-00-00', '', '', '', 0, 0, '', '', '', '', '', '', '', '', '', '', '', '', ''),
(46, 'Not Active', '', '', '', '', '0', '0', 0, '', 0, 0, 0, 0, '', '', '0000-00-00', '', '', '', 0, 0, '', '', '', '', '', '', '', '', '', '', '', '', ''),
(47, '', '', '', '', '', '0', '0', 0, '', 0, 0, 0, 0, '', '', '0000-00-00', '', '', '', 0, 0, '', '', '', '', '', '', '', '', '', '', '', '', ''),
(48, 'Active', '', '', '', '', '0', '0', 0, '', 0, 0, 0, 0, '', '', '0000-00-00', '', '', '', 0, 0, '', '', '', '', '', '', '', '', '', '', '', '', ''),
(49, '', '', '', '', '', '0', '0', 0, '', 0, 0, 0, 0, '', '', '0000-00-00', '', '', '', 0, 0, '', '', '', '', '', '', '', '', '', '', '', '', ''),
(50, 'Active', '', '', '', '', '0', '0', 0, 'dsadsa', 0, 0, 0, 0, '', '', '0000-00-00', '', '', '', 0, 0, '', '', '', '', '', '', '', '', '', '', '', '', ''),
(51, 'Active', '', '', '', '', '0', '0', 0, '', 0, 0, 0, 0, '', '', '0000-00-00', '', '', '', 0, 0, '', '', '', '', '', '', '', '', '', '', '', '', ''),
(52, '', '', '', '', '', '0', '0', 0, '', 0, 0, 0, 0, '', '', '0000-00-00', '', '', '', 0, 0, '', '', '', '', '', '', '', '', '', '', '', '', ''),
(53, 'Active', '', '', '', '', '0', '0', 0, '', 0, 0, 0, 0, '', '', '0000-00-00', '', '', '', 0, 0, '', '', '', '', '', '', '', '', '', '', '', '', ''),
(54, 'Active', '', '', '', '', '0', '0', 0, '', 0, 0, 0, 0, '', '', '0000-00-00', '', '', '', 0, 0, '', '', '', '', '', '', '', '', '', '', '', '', ''),
(55, 'Active', '', '', '', '', '0', '0', 0, '', 0, 0, 0, 0, '', '', '0000-00-00', '', '', '', 0, 0, '', '', '', '', '', '', '', '', '', '', '', '', ''),
(56, 'Active', 'test', 'sda', 'aa', '21', 'Married', 'Female', 12, '', 0, 0, 0, 0, '', '', '2019-05-03', '', '', '', 0, 0, '', '', '', '', '', '', '', '', '', '', '', '', ''),
(57, 'Active', 'test', 'sda', 'aa', '21', 'Married', 'Female', 12, '', 0, 0, 0, 0, '', '', '2019-05-03', '', '', '', 0, 0, '', '', '', '', '', '', '', '', '', '', '', '', ''),
(58, 'Not Active', 'ss', 'ss', 'sss', '', 'Married', 'Male', 0, '', 0, 0, 0, 0, '', '', '2019-05-04', '', '', '', 0, 0, '', '', '', '', '', '', '', '', '', '', '', '', ''),
(59, 'Not Active', 'ss', 'ss', 'sss', '', 'Married', 'Male', 0, '', 0, 0, 0, 0, '', '', '2019-05-04', '', '', '', 0, 0, '', '', '', '', '', '', '', '', '', '', '', '', ''),
(60, 'Active', 'aa', 'aa', 'aa', '', 'Single', 'Male', 0, '', 0, 0, 0, 0, '', '', '0000-00-00', '', '', '', 0, 0, '', '', '', '', '', '', '', '', '', '', '', '', ''),
(61, 'Active', 'dsa', 'a', 'a', '', 'Single', 'Male', 0, '', 0, 0, 0, 0, '', '', '0000-00-00', '', '', '', 0, 0, '', '', '', '', '', '', '', '', '', '', '', '', ''),
(62, 'Active', 'sad', 'sad', 'sad', 'sad', 'Married', 'Male', 12, 'sad', 0, 0, 0, 0, 'sad', 'sad', '2019-05-10', 'sad', '12', '12', 12, 12, 'sad', 'sad', 'sad', 'sad', 'sad', 'sad', 'sad', 'sad', 'sad', 'sad', 'sad', 'sad', 'sad'),
(63, 'Not Active', 'aa', 'aa', 'aa', '', 'Married', 'Male', 0, '', 0, 0, 0, 0, '', '', '2019-05-10', '', '', '', 0, 0, '', '', '', '', '', '', '', '', '', '', '', '', ''),
(64, 'Not Active', 'dsa', 'sss', 'sss', '', 'Married', 'Male', 0, '', 0, 0, 0, 0, '', '', '0000-00-00', '', '', '', 0, 0, '', '', '', '', '', '', '', '', '', '', '', '', ''),
(65, 'Not Active', 'dsa', 'dsa', 'dsa', '', 'Married', 'Male', 0, '', 0, 0, 0, 0, '', '', '2019-05-09', '', '', '', 0, 0, '', '', '', '', '', '', '', '', '', '', '', '', ''),
(66, 'Not Active', 'dsa', 'dsa', 'a', '', 'Married', 'Male', 0, '', 0, 0, 0, 0, '', '', '0000-00-00', '', '', '', 0, 0, '', '', '', '', '', '', '', '', '', '', '', '', ''),
(67, 'Not Active', 'ss', 'ss', 'ss', '', 'Married', 'Male', 0, '', 0, 0, 0, 0, '', '', '0000-00-00', '', '', '', 0, 0, '', '', '', '', '', '', '', '', '', '', '', '', ''),
(68, 'Not Active', 's', 's', 's', '', 'Single', 'Female', 0, '', 0, 0, 0, 0, '', '', '0000-00-00', '', '', '', 0, 0, '', '', '', '', '', '', '', '', '', '', '', '', ''),
(69, 'Not Active', 'ss', 'ss', 'ss', '', 'Single', 'Male', 0, '', 0, 0, 0, 0, '', '', '0000-00-00', '', '', '', 0, 0, '', '', '', '', '', '', '', '', '', '', '', '', ''),
(70, 'Not Active', 'ss', 'ss', 's', '', 'Married', 'Male', 0, '', 0, 0, 0, 0, '', '', '0000-00-00', '', '', '', 0, 0, '', '', '', '', '', '', '', '', '', '', '', '', ''),
(71, 'Not Active', 'sss', 'ss', 'ss', '', 'Married', 'Male', 0, '', 0, 0, 0, 0, '', '', '0000-00-00', '', '', '', 0, 0, '', '', '', '', '', '', '', '', '', '', '', '', ''),
(72, 'Not Active', 'eqw', 'ss', 'ss', '', 'Single', 'Male', 0, '', 0, 0, 0, 0, '', '', '0000-00-00', '', '', '', 0, 0, '', '', '', '', '', '', '', '', '', '', '', '', ''),
(73, 'Not Active', 'a', 'a', 'a', '', 'Married', 'Female', 0, '', 0, 0, 0, 0, '', '', '0000-00-00', '', '', '', 0, 0, '', '', '', '', '', '', '', '', '', '', '', '', ''),
(74, 'Not Active', 'ss', 'ss', 'ss', '', 'Married', 'Male', 0, '', 0, 0, 0, 0, '', '', '0000-00-00', '', '', '', 0, 0, '', '', '', '', '', '', '', '', '', '', '', '', ''),
(75, 'Not Active', 'sssssssssssssss', 'ss', 'sssssssss', '', 'Married', '', 0, '', 0, 0, 0, 0, '', '', '2019-05-30', '', '', '', 0, 0, '', '', '', '', '', '', '', '', '', '', '', '', ''),
(76, 'Not Active', 'sssssssssssssss', 'ss', 'sssssssss', '', 'Married', 'Male', 0, '', 0, 0, 0, 0, '', '', '2019-05-30', '', '', '', 0, 0, '', '', '', '', '', '', '', '', '', '', '', '', ''),
(77, 'Not Active', 'aaaaaaaa', 'aaaaaa', 'aaaaaaaaaaaaaa', '', 'Married', 'Male', 0, '', 0, 0, 0, 0, '', '', '0000-00-00', '', '', '', 0, 0, '', '', '', '', '', '', '', '', '', '', '', '', ''),
(78, 'Active', '', '', '', '', 'Married', 'Male', 0, '', 0, 0, 0, 0, '', '', '0000-00-00', '', '', '', 0, 0, '', '', '', '', '', '', '', '', '', '', '', '', ''),
(79, 'Not Active', '123', '321', '321', '', 'Divorced', 'Female', 0, '', 0, 0, 0, 0, '', '', '0000-00-00', '', '', '', 0, 0, '', '', '', '', '', '', '', '', '', '', '', '', ''),
(80, 'Not Active', '', '', '', '', 'Married', 'Male', 0, '', 0, 0, 0, 0, '', '', '0000-00-00', '', '', '', 0, 0, '', '', '', '', '', '', '', '', '', '', '', '', ''),
(81, 'Not Active', '111', '11', '111', '', 'Married', 'Male', 0, '', 0, 0, 0, 0, '', '', '0000-00-00', '', '', '', 0, 0, '', '', '', '', '', '', '', '', '', '', '', '', ''),
(82, 'Not Active', 'sss', 'ss', 'ss', '', 'Single', 'Male', 0, '', 0, 0, 0, 0, '', '', '0000-00-00', '', '', '', 0, 0, '', '', '', '', '', '', '', '', '', '', '', '', ''),
(83, 'Not Active', 'sssssssss', 'ssssssss', 'ssssssssssss', '', 'Married', 'Male', 0, '', 0, 0, 0, 0, '', '', '0000-00-00', '', '', '', 0, 0, '', '', '', '', '', '', '', '', '', '', '', '', ''),
(84, 'Active', '', '', '', '', 'Single', 'Female', 0, '', 0, 0, 0, 0, '', '', '0000-00-00', '', '', '', 0, 0, '', '', '', '', '', '', '', '', '', '', '', '', ''),
(85, 'Not Active', 'dddddddd', 'dddddddd', 'dddddddd', '', 'Single', 'Male', 0, '', 0, 0, 0, 0, '', '', '0000-00-00', '', '', '', 0, 0, '', '', '', '', '', '', '', '', '', '', '', '', ''),
(86, 'Not Active', '333333', '3333333', '3333333', '', 'Divorced', 'Female', 0, '', 0, 0, 0, 0, '', '', '0000-00-00', '', '', '', 0, 0, '', '', '', '', '', '', '', '', '', '', '', '', ''),
(87, 'Not Active', 'sed', 'sed', 'sed', '', 'Divorced', 'Male', 0, '', 0, 0, 0, 0, '', '', '0000-00-00', '', '', '', 0, 0, '', '', '', '', '', '', '', '', '', '', '', '', ''),
(88, 'Active', 'qwert', 'qwert', 'ssssssadd', '', 'Single', 'Female', 0, '', 0, 0, 0, 0, '', '', '0000-00-00', '', '', '', 0, 0, '', '', '', '', '', '', '', '', '', '', '', '', ''),
(89, 'Not Active', '1', '1', '1', '', 'Single', 'Female', 0, '', 0, 0, 0, 0, '', '', '0000-00-00', '', '', '', 0, 0, '', '', '', '', '', '', '', '', '', '', '', '', ''),
(90, 'Not Active', 'dsa', 'dsa', 'dsa', '', 'Married', 'Male', 0, '', 0, 0, 0, 0, '', '', '0000-00-00', '', '', '', 0, 0, '', '', '', '', '', '', '', '', '', '', '', '', ''),
(91, 'Not Active', 'dsa', 'dsa', 'dsa', '', 'Single', 'Male', 0, '', 0, 0, 0, 0, '', '', '0000-00-00', '', '', '', 0, 0, '', '', '', '', '', '', '', '', '', '', '', '', ''),
(92, 'Not Active', 'dsadsa', 'dsadsa', '', '', 'Single', 'Female', 21, '', 0, 0, 0, 0, '', '', '0000-00-00', '', '', '', 0, 0, '', '', '', '', '', '', '', '', '', '', '', '', ''),
(93, 'Not Active', 'dsa', 'dsa', 'dsa', '', 'Single', 'Female', 0, '', 0, 0, 0, 0, '', '', '0000-00-00', '', '', '', 0, 0, '', '', '', '', '', '', '', '', '', '', '', '', ''),
(94, 'Not Active', 'dsadsa', 'dsadsa', 'dsadsa', '', 'Married', 'Male', 0, '', 0, 0, 0, 0, '', '', '0000-00-00', '', '', '', 0, 0, '', '', '', '', '', '', '', '', '', '', '', '', ''),
(95, 'Active', 'ewq', 'ewq', 'ewq', '', 'Married', 'Male', 0, '', 0, 0, 0, 0, '', '', '0000-00-00', '', '', '', 0, 0, '', '', '', '', '', '', '', '', '', '', '', '', ''),
(96, 'Not Active', 'eqw', 'dsa', 'dsadsa', '', 'Married', 'Male', 0, '', 0, 0, 0, 0, '', '', '0000-00-00', '', '', '', 0, 0, '', '', '', '', '', '', '', '', '', '', '', '', ''),
(97, 'Not Active', 'test', 'test', 'test', '', 'Single', 'Male', 0, '', 0, 0, 0, 0, '', '', '0000-00-00', '', '', '', 0, 0, '', '', '', '', '', '', '', '', '', '', '', '', ''),
(98, '', 'dsa', 'dsa', 'dsa', '', 'Married', 'Female', 0, '', 0, 0, 0, 0, '', '', '0000-00-00', '', '', '', 0, 0, '', '', '', '', '', '', '', '', '', '', '', '', ''),
(99, '', 'dsa', 'dsa', 'dsa', '', 'Married', 'Female', 0, '', 0, 0, 0, 0, '', '', '0000-00-00', '', '', '', 0, 0, '', '', '', '', '', '', '', '', '', '', '', '', ''),
(100, 'Active', 'dsa', 'dsa', 'dsa', '', 'Single', 'Female', 0, '', 0, 0, 0, 0, '', '', '0000-00-00', '', '', '', 0, 0, '', '', '', '', '', '', '', '', '', '', '', '', ''),
(101, 'Not Active', 'dsa', 'dsa', 'dsa', '', 'Single', 'Female', 0, '', 0, 0, 0, 0, '', '', '0000-00-00', '', '', '', 0, 0, '', '', '', '', '', '', '', '', '', '', '', '', ''),
(102, '', 'aa', 'aa', 'aa', '', 'Married', 'Male', 0, '', 0, 0, 0, 0, '', '', '0000-00-00', '', '', '', 0, 0, '', '', '', '', '', '', '', '', '', '', '', '', ''),
(103, 'Not Active', 'aa', 'aa', 'aa', '', 'Married', 'Male', 0, '', 0, 0, 0, 0, '', '', '0000-00-00', '', '', '', 0, 0, '', '', '', '', '', '', '', '', '', '', '', '', ''),
(104, 'Not Active', 'aa', 'aa', 'aa', '', 'Widowed', 'Female', 0, '', 0, 0, 0, 0, '', '', '0000-00-00', '', '', '', 0, 0, '', '', '', '', '', '', '', '', '', '', '', '', ''),
(105, 'Not Active', 'dsa', 'dsa', 'dsa', '', 'Widowed', 'Male', 0, '', 0, 0, 0, 0, '', '', '0000-00-00', '', '', '', 0, 0, '', '', '', '', '', '', '', '', '', '', '', '', ''),
(106, 'Active', 'dsa', 'dsa', 'asss', '', 'Single', 'Male', 0, '', 0, 0, 0, 0, '', '', '0000-00-00', '', '', '', 0, 0, '', '', '', '', '', '', '', '', '', '', '', '', ''),
(107, 'Not Active', 'adsa', 'ewqewq', 'ewqewq', '', 'Married', 'Female', 0, '', 0, 0, 0, 0, '', '', '0000-00-00', '', '', '', 0, 0, '', '', '', '', '', '', '', '', '', '', '', '', ''),
(108, 'Not Active', 'aaaaaaa', 'aaaaaaaaaa', 'aaaaaaaaaaaa', '', '', '', 0, '', 0, 0, 0, 0, '', '', '0000-00-00', '', '', '', 0, 0, '', '', '', '', '', '', '', '', '', '', '', '', ''),
(109, 'Not Active', 'aaaaaaa', 'aaaaaaaaaa', 'aaaaaaaaaaaa', '', '', '', 0, '', 0, 0, 0, 0, '', '', '0000-00-00', '', '', '', 0, 0, '', '', '', '', '', '', '', '', '', '', '', '', ''),
(110, 'Not Active', 'aaaaaaa', 'aaaaaaaaaa', 'aaaaaaaaaaaa', '', 'Married', 'Male', 0, '', 0, 0, 0, 0, '', '', '0000-00-00', '', '', '', 0, 0, '', '', '', '', '', '', '', '', '', '', '', '', ''),
(111, 'Active', 'a', 'a', 'a', '', 'Married', 'Female', 0, '', 0, 0, 0, 0, '', '', '0000-00-00', '', '', '', 0, 0, '', '', '', '', '', '', '', '', '', '', '', '', ''),
(112, 'Active', 'dsa', 'dsax', 'cxzcxz', '', 'Single', 'Male', 0, '', 0, 0, 0, 0, '', '', '0000-00-00', '', '', '', 0, 0, '', '', '', '', '', '', '', '', '', '', '', '', ''),
(113, 'Not Active', 'ds', 'ddd', 'ddd', '', 'Married', 'Female', 0, '', 0, 0, 0, 0, '', '', '0000-00-00', '', '', '', 0, 0, '', '', '', '', '', '', '', '', '', '', '', '', ''),
(114, 'Not Active', 'das', 'das', 'dsadsa', '', 'Single', 'Female', 0, '', 0, 0, 0, 0, '', '', '0000-00-00', '', '', '', 0, 0, '', '', '', '', '', '', '', '', '', '', '', '', ''),
(115, 'Not Active', 'dsa', 'dsadsa', 'dsadsa', '', 'Single', 'Male', 0, '', 0, 0, 0, 0, '', '', '0000-00-00', '', '', '', 0, 0, '', '', '', '', '', '', '', '', '', '', '', '', ''),
(116, 'Active', 'dsad', 'cccccc', 'czzzzzzz', '', 'Married', 'Male', 0, '', 0, 0, 0, 0, '', '', '0000-00-00', '', '', '', 0, 0, '', '', '', '', '', '', '', '', '', '', '', '', ''),
(117, 'Not Active', 'aaaaa', 'aaaaa', 'aaaaaaaaaaaaaaa', '', 'Married', 'Female', 0, '', 0, 0, 0, 0, '', '', '0000-00-00', '', '', '', 0, 0, '', '', '', '', '', '', '', '', '', '', '', '', ''),
(118, 'Not Active', 'eqw', 'dsa', 'dsa', '', 'Married', 'Male', 0, '', 0, 0, 0, 0, '', '', '0000-00-00', '', '', '', 0, 0, '', '', '', '', '', '', '', '', '', '', '', '', ''),
(119, 'Not Active', 'dsa', 'dsa', 'ddddddd', '', 'Married', 'Female', 0, '', 0, 0, 0, 0, '', '', '0000-00-00', '', '', '', 0, 0, '', '', '', '', '', '', '', '', '', '', '', '', ''),
(120, 'Not Active', 'aaaaaaaaaaaaaaaaaaaaaaaa', 'aaaaaaaaaaa', 'aaaaaaaaaaaaaaaa', '', 'Widowed', 'Female', 0, '', 0, 0, 0, 0, '', '', '0000-00-00', '', '', '', 0, 0, '', '', '', '', '', '', '', '', '', '', '', '', ''),
(121, 'Not Active', 'd', 'd', 'd', '', 'Divorced', 'Female', 0, '', 0, 0, 0, 0, '', '', '0000-00-00', '', '', '', 0, 0, '', '', '', '', '', '', '', '', '', '', '', '', ''),
(122, 'Not Active', 'z', 'z', 'z', '', 'Married', 'Male', 0, '', 0, 0, 0, 0, '', '', '0000-00-00', '', '', '', 0, 0, '', '', '', '', '', '', '', '', '', '', '', '', ''),
(123, 'Not Active', 'dsa', 'dsa', 'dsa', '', 'Widowed', 'Female', 0, '', 0, 0, 0, 0, '', '', '0000-00-00', '', '', '', 0, 0, '', '', '', '', '', '', '', '', '', '', '', '', ''),
(124, 'Not Active', 'dsa', 'dsa', 'dsa', '', 'Single', 'Female', 0, '', 0, 0, 0, 0, '', '', '0000-00-00', '', '', '', 0, 0, '', '', '', '', '', '', '', '', '', '', '', '', ''),
(125, 'Not Active', 'ewq', 'ccz', 'dsa', '', 'Single', 'Male', 0, '', 0, 0, 0, 0, '', '', '0000-00-00', '', '', '', 0, 0, '', '', '', '', '', '', '', '', '', '', '', '', ''),
(126, 'Not Active', 'ddddddd', 'dddddd', 'ddddd', '', 'Single', 'Female', 0, '', 0, 0, 0, 0, '', '', '2019-05-02', '', '', '', 0, 0, '', '', '', '', '', '', '', '', '', '', '', '', ''),
(127, 'Active', 'dsa', 'dsa', 'dsa', '', 'Married', 'Male', 0, '', 0, 0, 0, 0, '', '', '0000-00-00', '', '', '', 0, 0, '', '', '', '', '', '', '', '', '', '', '', '', ''),
(128, 'Not Active', 'dddddddddd', 'cccccc', 'zzzzzzz', '', 'Married', 'Female', 0, '', 0, 0, 0, 0, '', '', '0000-00-00', '', '', '', 0, 0, '', '', '', '', '', '', '', '', '', '', '', '', ''),
(129, 'Not Active', 'ccccccc', 'zzzzzzz', 'zdaa', '', 'Single', 'Male', 0, '', 0, 0, 0, 0, '', '', '0000-00-00', '', '', '', 0, 0, '', '', '', '', '', '', '', '', '', '', '', '', ''),
(130, 'Active', 'z', 'c', 'd', '', 'Widowed', 'Female', 0, '', 0, 0, 0, 0, '', '', '0000-00-00', '', '', '', 0, 0, '', '', '', '', '', '', '', '', '', '', '', '', ''),
(131, 'Not Active', 'bbbbbbb', 'bbbbbbbb', 'dddddd', '', 'Single', 'Female', 0, '', 0, 0, 0, 0, '', '', '2019-05-25', '', '', '', 0, 0, '', '', '', '', '', '', '', '', '', '', '', '', ''),
(132, 'Active', 'ccccccccdddddd', 'ddaaaa', 'aaa', '', 'Single', 'Female', 0, '', 0, 0, 0, 0, '', '', '0000-00-00', '', '', '', 0, 0, '', '', '', '', '', '', '', '', '', '', '', '', ''),
(133, 'Not Active', 'cxz', 'cxz', 'cxz', '', 'Single', 'Male', 0, '', 0, 0, 0, 0, '', '', '0000-00-00', '', '', '', 0, 0, '', '', '', '', '', '', '', '', '', '', '', '', ''),
(134, 'Not Active', 'dsa', 'dsa', 'dasda', '', 'Single', 'Female', 0, '', 0, 0, 0, 0, '', '', '0000-00-00', '', '', '', 0, 0, '', '', '', '', '', '', '', '', '', '', '', '', ''),
(135, 'Active', 'cz', 'cxz', 'dsa', '', 'Single', 'Female', 0, '', 0, 0, 0, 0, '', '', '0000-00-00', '', '', '', 0, 0, '', '', '', '', '', '', '', '', '', '', '', '', ''),
(136, 'Active', 'dsa', 'dsa', 'dsa', '', 'Married', 'Male', 0, '', 0, 0, 0, 0, '', '', '0000-00-00', '', '', '', 0, 0, '', '', '', '', '', '', '', '', '', '', '', '', ''),
(137, 'Not Active', 'aa', 'aa', 'aa', '', 'Single', 'Male', 0, '', 0, 0, 0, 0, '', '', '0000-00-00', '', '', '', 0, 0, '', '', '', '', '', '', '', '', '', '', '', '', ''),
(138, 'Not Active', 'cxzcz', 'dsad', 'dsadsa', '', 'Single', 'Female', 0, '', 0, 0, 0, 0, '', '', '0000-00-00', '', '', '', 0, 0, '', '', '', '', '', '', '', '', '', '', '', '', ''),
(139, 'Not Active', 'dsa', 'das', 'cxz', '', 'Married', 'Male', 0, '', 0, 0, 0, 0, '', '', '0000-00-00', '', '', '', 0, 0, '', '', '', '', '', '', '', '', '', '', '', '', ''),
(140, 'Not Active', 'czczx', 'cxzcxz', 'cxz', '', 'Married', 'Male', 0, '', 0, 0, 0, 0, '', '', '0000-00-00', '', '', '', 0, 0, '', '', '', '', '', '', '', '', '', '', '', '', ''),
(141, 'Not Active', 'dsa', 'dsa', 'cxz', '', 'Single', 'Male', 0, '', 0, 0, 0, 0, '', '', '0000-00-00', '', '', '', 0, 0, '', '', '', '', '', '', '', '', '', '', '', '', ''),
(142, 'Not Active', 'cxz', 'cxz', 'cxz', '', 'Single', 'Female', 0, '', 0, 0, 0, 0, '', '', '0000-00-00', '', '', '', 0, 0, '', '', '', '', '', '', '', '', '', '', '', '', ''),
(143, 'Not Active', 'cxz', 'cxz', 'cxz', '', 'Single', 'Female', 0, '', 0, 0, 0, 0, '', '', '0000-00-00', '', '', '', 0, 0, '', '', '', '', '', '', '', '', '', '', '', '', ''),
(144, 'Not Active', 'ewq', 'dsa', 'cxz', '', 'Married', 'Male', 0, '', 0, 0, 0, 0, '', '', '0000-00-00', '', '', '', 0, 0, '', '', '', '', '', '', '', '', '', '', '', '', ''),
(145, 'Not Active', 'cxz', 'dsa', 'ewq', '', 'Single', 'Female', 0, '', 0, 0, 0, 0, '', '', '0000-00-00', '', '', '', 0, 0, '', '', '', '', '', '', '', '', '', '', '', '', ''),
(146, 'Not Active', 'xzcxz', 'dsa', 'ewq', '', 'Married', 'Male', 0, '', 0, 0, 0, 0, '', '', '0000-00-00', '', '', '', 0, 0, '', '', '', '', '', '', '', '', '', '', '', '', ''),
(147, 'Not Active', 'cxz', 'cxzd', 'sadas', '', 'Married', 'Male', 0, '', 0, 0, 0, 0, '', '', '0000-00-00', '', '', '', 0, 0, '', '', '', '', '', '', '', '', '', '', '', '', ''),
(148, 'Not Active', 'dsa', 'cxz', 'ewq', '', 'Single', 'Female', 0, '', 0, 0, 0, 0, '', '', '0000-00-00', '', '', '', 0, 0, '', '', '', '', '', '', '', '', '', '', '', '', ''),
(149, 'Not Active', 'ccccccc', 'zzzzzzz', 'dsa', '', 'Married', 'Male', 0, '', 0, 0, 0, 0, '', '', '0000-00-00', '', '', '', 0, 0, '', '', '', '', '', '', '', '', '', '', '', '', ''),
(150, 'Not Active', 'cxz', 'cxz', 'sad', '', 'Divorced', 'Female', 0, '', 0, 0, 0, 0, '', '', '0000-00-00', '', '', '', 0, 0, '', '', '', '', '', '', '', '', '', '', '', '', ''),
(151, 'Not Active', 'cxzc', 'xzcz', 'cxz', '', 'Divorced', 'Male', 0, '', 0, 0, 0, 0, '', '', '0000-00-00', '', '', '', 0, 0, '', '', '', '', '', '', '', '', '', '', '', '', ''),
(152, 'Not Active', 'cxz', 'cxzcxz', 'cxzcxzc', '', 'Divorced', 'Female', 0, '', 0, 0, 0, 0, '', '', '0000-00-00', '', '', '', 0, 0, '', '', '', '', '', '', '', '', '', '', '', '', ''),
(153, 'Not Active', 'czc', 'cxzcxz', 'cxzcxz', '', 'Divorced', 'Male', 0, '', 0, 0, 0, 0, '', '', '0000-00-00', '', '', '', 0, 0, '', '', '', '', '', '', '', '', '', '', '', '', ''),
(154, 'Not Active', 'cxz', 'xzcxz', 'cxz', '', 'Widowed', 'Female', 0, '', 0, 0, 0, 0, '', '', '0000-00-00', '', '', '', 0, 0, '', '', '', '', '', '', '', '', '', '', '', '', ''),
(155, 'Not Active', 'cxz', 'cxz', 'dsa', '', 'Divorced', 'Female', 0, '', 0, 0, 0, 0, '', '', '0000-00-00', '', '', '', 0, 0, '', '', '', '', '', '', '', '', '', '', '', '', ''),
(156, 'Not Active', ' cxz', ' dsa', 'ewqewq', '', 'Married', 'Male', 0, '', 0, 0, 0, 0, '', '', '0000-00-00', '', '', '', 0, 0, '', '', '', '', '', '', '', '', '', '', '', '', ''),
(157, 'Not Active', 'dsa', 'cxz', 'dsa', '', 'Married', 'Male', 0, '', 0, 0, 0, 0, '', '', '0000-00-00', '', '', '', 0, 0, '', '', '', '', '', '', '', '', '', '', '', '', ''),
(158, 'Not Active', 'dsa', 'cxz', 'dsa', '', 'Married', 'Male', 0, '', 0, 0, 0, 0, '', '', '0000-00-00', '', '', '', 0, 0, '', '', '', '', '', '', '', '', '', '', '', '', ''),
(159, 'Not Active', 'cxz', 'cxz', 'eqw', '', 'Single', 'Female', 0, '', 0, 0, 0, 0, '', '', '0000-00-00', '', '', '', 0, 0, '', '', '', '', '', '', '', '', '', '', '', '', ''),
(160, 'Not Active', 'cxz', 'cxz', 'cxz', '', 'Married', 'Male', 0, '', 0, 0, 0, 0, '', '', '0000-00-00', '', '', '', 0, 0, '', '', '', '', '', '', '', '', '', '', '', '', ''),
(161, 'Not Active', 'cxz', 'cxz', 'cxz', '', 'Married', 'Female', 0, '', 0, 0, 0, 0, '', '', '0000-00-00', '', '', '', 0, 0, '', '', '', '', '', '', '', '', '', '', '', '', ''),
(162, 'Not Active', 'cxzc', 'xzcxzdsa', 'dsadaewq', '', 'Single', 'Female', 0, '', 0, 0, 0, 0, '', '', '0000-00-00', '', '', '', 0, 0, '', '', '', '', '', '', '', '', '', '', '', '', ''),
(163, 'Not Active', 'cxzcx', 'zcxz', 'ewqewq', '', 'Divorced', 'Female', 0, '', 0, 0, 0, 0, '', '', '0000-00-00', '', '', '', 0, 0, '', '', '', '', '', '', '', '', '', '', '', '', ''),
(164, 'Not Active', 'cxzc', 'cxzcx', 'zcxz', '', 'Single', 'Female', 0, '', 0, 0, 0, 0, '', '', '0000-00-00', '', '', '', 0, 0, '', '', '', '', '', '', '', '', '', '', '', '', ''),
(165, 'Not Active', 'cxzcxz', 'cxz', 'cxzcxz', '', 'Widowed', 'Female', 0, '', 0, 0, 0, 0, '', '', '0000-00-00', '', '', '', 0, 0, '', '', '', '', '', '', '', '', '', '', '', '', ''),
(166, 'Not Active', 'cxz', 'cxzcxz', 'cxz', '', 'Single', 'Female', 0, '', 0, 0, 0, 0, '', '', '0000-00-00', '', '', '', 0, 0, '', '', '', '', '', '', '', '', '', '', '', '', ''),
(167, 'Not Active', 'cxzcxz', 'cxzcxz', 'cxz', '', 'Single', 'Female', 0, '', 0, 0, 0, 0, '', '', '0000-00-00', '', '', '', 0, 0, '', '', '', '', '', '', '', '', '', '', '', '', ''),
(168, 'Active', 'cxzc', 'xzcz', 'ewqewq', '', 'Single', 'Male', 0, '', 0, 0, 0, 0, '', '', '0000-00-00', '', '', '', 0, 0, '', '', '', '', '', '', '', '', '', '', '', '', ''),
(169, 'Not Active', 'cxzcx', 'zcxzc', 'xzcxz', '', 'Single', 'Female', 0, '', 0, 0, 0, 0, '', '', '0000-00-00', '', '', '', 0, 0, '', '', '', '', '', '', '', '', '', '', '', '', ''),
(170, 'Not Active', 'cxzcxz', 'cxzcxz', 'cxzcxz', '', 'Widowed', 'Female', 0, '', 0, 0, 0, 0, '', '', '0000-00-00', '', '', '', 0, 0, '', '', '', '', '', '', '', '', '', '', '', '', ''),
(171, 'Not Active', 'cxzcx', 'zczx', 'ewqewq', '', 'Divorced', 'Female', 0, '', 0, 0, 0, 0, '', '', '0000-00-00', '', '', '', 0, 0, '', '', '', '', '', '', '', '', '', '', '', '', ''),
(172, 'Not Active', 'cxzc', 'xzcxz', 'ewqewq', '', 'Widowed', 'Female', 0, '', 0, 0, 0, 0, '', '', '0000-00-00', '', '', '', 0, 0, '', '', '', '', '', '', '', '', '', '', '', '', ''),
(173, 'Not Active', 'cxz', 'xcz', 'ewq', '', 'Married', 'Male', 0, '', 0, 0, 0, 0, '', '', '0000-00-00', '', '', '', 0, 0, '', '', '', '', '', '', '', '', '', '', '', '', ''),
(174, 'Not Active', 'ewqewq', 'dsa', 'dsadsadsa', '', 'Single', 'Female', 0, '', 0, 0, 0, 0, '', '', '0000-00-00', '', '', '', 0, 0, '', '', '', '', '', '', '', '', '', '', '', '', ''),
(175, 'Not Active', 'ewqewq', 'dsa', 'dsadsadsa', '', 'Widowed', 'Female', 0, '', 0, 0, 0, 0, '', '', '0000-00-00', '', '', '', 0, 0, '', '', '', '', '', '', '', '', '', '', '', '', ''),
(176, 'Not Active', 'cxzc', 'xzczx', 'ewqewq', '', 'Divorced', 'Female', 0, '', 0, 0, 0, 0, '', '', '0000-00-00', '', '', '', 0, 0, '', '', '', '', '', '', '', '', '', '', '', '', ''),
(177, 'Not Active', 'cxz', 'ewqewq', 'ewqeqw', '', 'Divorced', 'Female', 0, '', 0, 0, 0, 0, '', '', '0000-00-00', '', '', '', 0, 0, '', '', '', '', '', '', '', '', '', '', '', '', ''),
(178, 'Not Active', 'cxz', 'ewqweq', 'ewqewq', '', 'Widowed', 'Male', 0, '', 0, 0, 0, 0, '', '', '0000-00-00', '', '', '', 0, 0, '', '', '', '', '', '', '', '', '', '', '', '', ''),
(179, 'Not Active', 'cxz', 'ewqewq', 'ewqewq', '', 'Widowed', 'Female', 0, '', 0, 0, 0, 0, '', '', '0000-00-00', '', '', '', 0, 0, '', '', '', '', '', '', '', '', '', '', '', '', ''),
(180, 'Not Active', 'ewq', 'as', 'czx', '', 'Single', 'Female', 0, '', 0, 0, 0, 0, '', '', '0000-00-00', '', '', '', 0, 0, '', '', '', '', '', '', '', '', '', '', '', '', ''),
(181, 'Not Active', 'cxz', 'ewqewq', 'ewqewq', '', 'Single', 'Male', 0, '', 0, 0, 0, 0, '', '', '0000-00-00', '', '', '', 0, 0, '', '', '', '', '', '', '', '', '', '', '', '', ''),
(182, 'Not Active', 'ddddddddd', 'ddddddddd', 'deeeeeeeeee', '', 'Single', 'Female', 0, '', 0, 0, 0, 0, '', '', '0000-00-00', '', '', '', 0, 0, '', '', '', '', '', '', '', '', '', '', '', '', ''),
(183, '', '', '', '', '', '', '', 0, '', 0, 0, 0, 0, '', '', '0000-00-00', '', '', '', 0, 0, '', '', '', '', '', '', '', '', '', '', '', '', ''),
(184, 'Not Active', 'zczxwe', 'ewqew', 'qewq', '', 'Married', 'Male', 0, '', 0, 0, 0, 0, '', '', '0000-00-00', '', '', '', 0, 0, '', '', '', '', '', '', '', '', '', '', '', '', ''),
(185, 'Not Active', 'cxzcz', 'ewqe', 'ewqeqw', '', 'Divorced', 'Female', 0, '', 0, 0, 0, 0, '', '', '0000-00-00', '', '', '', 0, 0, '', '', '', '', '', '', '', '', '', '', '', '', ''),
(186, 'Not Active', 'zzzzzzzzz', 'zzzzzzzzzzzzzzzzz', 'zzzzzzzzzzzzzzzzzzzzz', '', 'Divorced', 'Female', 0, '', 0, 0, 0, 0, '', '', '0000-00-00', '', '', '', 0, 0, '', '', '', '', '', '', '', '', '', '', '', '', ''),
(187, 'Not Active', 'cxz', 'xcz', 'ewq', '', 'Divorced', 'Female', 0, 'ewq', 0, 0, 0, 0, '', '', '0000-00-00', '', '', '', 0, 0, '', '', '', '', '', '', '', '', '', '', '', '', ''),
(188, 'Not Active', 'cxzc', 'cxzcxz', 'cxzcxz', '', 'Married', 'Female', 0, '', 0, 0, 0, 0, '', '', '0000-00-00', '', '', '', 0, 0, '', '', '', '', '', '', '', '', '', '', '', '', ''),
(189, 'Active', 'cxzcxz', 'cxzcxz', 'cxzcxz', '', 'Married', 'Female', 0, '', 0, 0, 0, 0, '', '', '0000-00-00', '', '', '', 0, 0, '', '', '', '', '', '', '', '', '', '', '', '', ''),
(190, 'Not Active', 'z', 'zzzzzzzzzz', 'zzzzzzzzz', '', 'Divorced', 'Female', 0, '', 0, 0, 0, 0, '', '', '0000-00-00', '', '', '', 0, 0, '', '', '', '', '', '', '', '', '', '', '', '', ''),
(191, 'Not Active', 'cxz', 'cxzcxz', 'cxz', '', 'Single', 'Female', 0, '', 0, 0, 0, 0, '', '', '0000-00-00', '', '', '', 0, 0, '', '', '', '', '', '', '', '', '', '', '', '', ''),
(192, 'Active', 'c', 'ccccccccc', 'cccccccccccc', '', 'Divorced', 'Male', 0, '', 0, 0, 0, 0, '', '', '0000-00-00', '', '', '', 0, 0, '', '', '', '', '', '', '', '', '', '', '', '', ''),
(193, 'Not Active', 'a', 'aaaaa', 'aa', '', 'Divorced', 'Female', 0, '', 0, 0, 0, 0, '', '', '0000-00-00', '', '', '', 0, 0, '', '', '', '', '', '', '', '', '', '', '', '', ''),
(194, 'Not Active', 'cxz', 'xzc', 'ewqewq', '', 'Divorced', 'Female', 0, '', 0, 0, 0, 0, '', '', '0000-00-00', '', '', '', 0, 0, '', '', '', '', '', '', '', '', '', '', '', '', ''),
(195, 'Not Active', '', '', '', '', 'Divorced', 'Female', 0, '', 0, 0, 0, 0, '', '', '0000-00-00', '', '', '', 0, 0, '', '', '', '', '', '', '', '', '', '', '', '', ''),
(196, 'Not Active', 'xzcxz', 'eqw', 'weqewq', '', 'Single', 'Female', 0, '', 0, 0, 0, 0, '', '', '0000-00-00', '', '', '', 0, 0, '', '', '', '', '', '', '', '', '', '', '', '', ''),
(197, 'Not Active', 'cxzzzzzz', 'cxzzc', 'ewqewq', '', 'Divorced', 'Female', 0, '', 0, 0, 0, 0, '', '', '0000-00-00', '', '', '', 0, 0, '', '', '', '', '', '', '', '', '', '', '', '', ''),
(198, 'Not Active', 'cxz', 'xzcxz', 'cxz', '', 'Divorced', 'Female', 0, '', 0, 0, 0, 0, '', '', '0000-00-00', '', '', '', 0, 0, '', '', '', '', '', '', '', '', '', '', '', '', ''),
(199, 'Not Active', 'cxzcxz', 'cxzcz', 'ewqewq', '', 'Widowed', 'Female', 0, '', 0, 0, 0, 0, '', '', '0000-00-00', '', '', '', 0, 0, '', '', '', '', '', '', '', '', '', '', '', '', ''),
(200, 'Not Active', 'cxzcxz', 'ewqewq', 'ewq', '', 'Single', 'Female', 0, '', 0, 0, 0, 0, '', '', '0000-00-00', '', '', '', 0, 0, '', '', '', '', '', '', '', '', '', '', '', '', ''),
(201, 'Not Active', 'cxzcxz', 'ewqewq', 'ewq', '', 'Single', 'Female', 0, '', 0, 0, 0, 0, '', '', '0000-00-00', '', '', '', 0, 0, '', '', '', '', '', '', '', '', '', '', '', '', ''),
(202, 'Not Active', 'cxz', 'ewqewq', '', '', 'Single', 'Male', 0, '', 0, 0, 0, 0, '', '', '0000-00-00', '', '', '', 0, 0, '', '', '', '', '', '', '', '', '', '', '', '', ''),
(203, 'Not Active', 'zzzzzzz', 'zzzzzzzzzzz', 'zzzzzzzz', '', 'Single', 'Female', 0, '', 0, 0, 0, 0, '', '', '0000-00-00', '', '', '', 0, 0, '', '', '', '', '', '', '', '', '', '', '', '', ''),
(204, '', '', '', '', '', '', '', 0, '', 0, 0, 0, 0, '', '', '0000-00-00', '', '', '', 0, 0, '', '', '', '', '', '', '', '', '', '', '', '', ''),
(205, '', '', '', '', '', '', '', 0, '', 0, 0, 0, 0, '', '', '0000-00-00', '', '', '', 0, 0, '', '', '', '', '', '', '', '', '', '', '', '', ''),
(206, '', '', '', '', '', '', '', 0, '', 0, 0, 0, 0, '', '', '0000-00-00', '', '', '', 0, 0, '', '', '', '', '', '', '', '', '', '', '', '', ''),
(207, 'Not Active', 'cxzcxz', 'ewqe', 'ewqewq', '', 'Single', 'Male', 0, '', 0, 0, 0, 0, '', '', '0000-00-00', '', '', '', 0, 0, '', '', '', '', '', '', '', '', '', '', '', '', ''),
(208, 'Not Active', 'cxzc', 'xzewqe', 'wqewqewq', '', 'Single', 'Female', 0, '', 0, 0, 0, 0, '', '', '0000-00-00', '', '', '', 0, 0, '', '', '', '', '', '', '', '', '', '', '', '', ''),
(209, 'Not Active', 'cxz', 'ewqewq', 'ewq', '', 'Single', 'Male', 0, '', 0, 0, 0, 0, '', '', '0000-00-00', '', '', '', 0, 0, '', '', '', '', '', '', '', '', '', '', '', '', ''),
(210, 'Not Active', 'czx', 'ewqew', 'qewq', '', 'Widowed', 'Female', 0, '', 0, 0, 0, 0, '', '', '0000-00-00', '', '', '', 0, 0, '', '', '', '', '', '', '', '', '', '', '', '', ''),
(211, 'Not Active', 'cxz', 'ewqewq', 'ewq', '', 'Divorced', 'Female', 0, '', 0, 0, 0, 0, '', '', '0000-00-00', '', '', '', 0, 0, '', '', '', '', '', '', '', '', '', '', '', '', ''),
(212, 'Not Active', 'czxc', 'ewqe', 'wqewq', '', 'Divorced', 'Female', 0, '', 0, 0, 0, 0, '', '', '0000-00-00', '', '', '', 0, 0, '', '', '', '', '', '', '', '', '', '', '', '', ''),
(213, 'Not Active', 'cxz', 'ewqewq', 'ewq', '', 'Single', 'Female', 0, '', 0, 0, 0, 0, '', '', '0000-00-00', '', '', '', 0, 0, '', '', '', '', '', '', '', '', '', '', '', '', ''),
(214, 'Not Active', 'czx', 'ewqewq', 'ewqewq', '', 'Single', 'Male', 0, '', 0, 0, 0, 0, '', '', '0000-00-00', '', '', '', 0, 0, '', '', '', '', '', '', '', '', '', '', '', '', ''),
(215, 'Not Active', 'cxz', 'ewqewq', 'ewqeqw', '', 'Widowed', '', 0, '', 0, 0, 0, 0, '', '', '0000-00-00', '', '', '', 0, 0, '', '', '', '', '', '', '', '', '', '', '', '', ''),
(216, 'Not Active', 'ewqe', 'ewqew', 'ewq', '', 'Divorced', 'Male', 0, '', 0, 0, 0, 0, '', '', '0000-00-00', '', '', '', 0, 0, '', '', '', '', '', '', '', '', '', '', '', '', ''),
(217, 'Not Active', 'xczew', 'qewqe', 'wqewqewq', '', 'Divorced', 'Female', 0, '', 0, 0, 0, 0, '', '', '0000-00-00', '', '', '', 0, 0, '', '', '', '', '', '', '', '', '', '', '', '', ''),
(218, '', '', '', '', '', '', '', 0, '', 0, 0, 0, 0, '', '', '0000-00-00', '', '', '', 0, 0, '', '', '', '', '', '', '', '', '', '', '', '', ''),
(219, '', '', '', '', '', '', '', 0, '', 0, 0, 0, 0, '', '', '0000-00-00', '', '', '', 0, 0, '', '', '', '', '', '', '', '', '', '', '', '', ''),
(220, '', '', '', '', '', '', '', 0, '', 0, 0, 0, 0, '', '', '0000-00-00', '', '', '', 0, 0, '', '', '', '', '', '', '', '', '', '', '', '', ''),
(221, '', '', '', '', '', '', '', 0, '', 0, 0, 0, 0, '', '', '0000-00-00', '', '', '', 0, 0, '', '', '', '', '', '', '', '', '', '', '', '', ''),
(222, '', '', '', '', '', '', '', 0, '', 0, 0, 0, 0, '', '', '0000-00-00', '', '', '', 0, 0, '', '', '', '', '', '', '', '', '', '', '', '', ''),
(223, '', '', '', '', '', '', '', 0, '', 0, 0, 0, 0, '', '', '0000-00-00', '', '', '', 0, 0, '', '', '', '', '', '', '', '', '', '', '', '', ''),
(224, '', '', '', '', '', '', '', 0, '', 0, 0, 0, 0, '', '', '0000-00-00', '', '', '', 0, 0, '', '', '', '', '', '', '', '', '', '', '', '', ''),
(225, '', '', '', '', '', '', '', 0, '', 0, 0, 0, 0, '', '', '0000-00-00', '', '', '', 0, 0, '', '', '', '', '', '', '', '', '', '', '', '', ''),
(226, 'Active', 'czx', 'ewqewq', 'ewq', '', 'Single', 'Male', 0, '', 0, 0, 0, 0, '', '', '0000-00-00', '', '', '', 0, 0, '', '', '', '', '', '', '', '', '', '', '', '', ''),
(227, 'Not Active', 'cxzewq', 'ewqe', 'wqewq', '', 'Single', '', 0, '', 0, 0, 0, 0, '', '', '0000-00-00', '', '', '', 0, 0, '', '', '', '', '', '', '', '', '', '', '', '', ''),
(228, '', '', '', '', '', '', '', 0, '', 0, 0, 0, 0, '', '', '0000-00-00', '', '', '', 0, 0, '', '', '', '', '', '', '', '', '', '', '', '', ''),
(229, 'Not Active', 'ewqew', 'q321', '321321', '', 'Divorced', 'Female', 0, '', 0, 0, 0, 0, '', '', '0000-00-00', '', '', '', 0, 0, '', '', '', '', '', '', '', '', '', '', '', '', ''),
(230, '', '', '', '', '', '', '', 0, '', 0, 0, 0, 0, '', '', '0000-00-00', '', '', '', 0, 0, '', '', '', '', '', '', '', '', '', '', '', '', ''),
(231, 'Not Active', 'ewq', 'ewqewq', 'ewq', '', 'Divorced', 'Female', 0, '', 0, 0, 0, 0, '', '', '0000-00-00', '', '', '', 0, 0, '', '', '', '', '', '', '', '', '', '', '', '', ''),
(232, 'Not Active', 'withimage', 'wqewq', 'ewq', '', 'Divorced', 'Female', 0, '', 0, 0, 0, 0, '', '', '0000-00-00', '', '', '', 0, 0, '', '', '', '', '', '', '', '', '', '', '', '', ''),
(233, 'Not Active', 'image', 'qewq', '32132', '', 'Widowed', 'Female', 0, '', 0, 0, 0, 0, '', '', '0000-00-00', '', '', '', 0, 0, '', '', '', '', '', '', '', '', '', '', '', '', ''),
(234, 'Not Active', 'ewq', 'ewqewq', 'ewqewq', '', 'Widowed', 'Female', 0, '', 0, 0, 0, 0, '', '', '0000-00-00', '', '', '', 0, 0, '', '', '', '', '', '', '', '', '', '', '', '', ''),
(235, 'Not Active', 'ewq', 'ewqewq', 'ewqewq', '', 'Widowed', 'Female', 0, '', 0, 0, 0, 0, '', '', '0000-00-00', '', '', '', 0, 0, '', '', '', '', '', '', '', '', '', '', '', '', ''),
(236, 'Not Active', 'cong ', 'tb', '321', '', 'Widowed', 'Female', 0, '', 0, 0, 0, 0, '', '', '0000-00-00', '', '', '', 0, 0, '', '', '', '', '', '', '', '', '', '', '', '', ''),
(237, 'Not Active', 'ewqzs', 'ca', 'ewqewq', '', 'Divorced', 'Female', 0, '', 0, 0, 0, 0, '', '', '0000-00-00', '', '', '', 0, 0, '', '', '', '', '', '', '', '', '', '', '', '', ''),
(238, 'Not Active', 'ewq', 'ewqew', 'qewq', '', 'Divorced', '', 0, '', 0, 0, 0, 0, '', '', '0000-00-00', '', '', '', 0, 0, '', '', '', '', '', '', '', '', '', '', '', '', ''),
(239, 'Not Active', 'ewq', 'ewq', 'ewqewq', '', 'Divorced', 'Female', 0, '', 0, 0, 0, 0, '', '', '0000-00-00', '', '', '', 0, 0, '', '', '', '', '', '', '', '', '', '', '', '', ''),
(240, '', 'ewq', 'ewqe', 'wq', '', '', '', 0, '', 0, 0, 0, 0, '', '', '0000-00-00', '', '', '', 0, 0, '', '', '', '', '', '', '', '', '', '', '', '', ''),
(241, 'Not Active', 'qqqqqqqqq', 'qqqqqqqqqqqqqqqq', 'qqqqqqqqqqqq', '', 'Married', 'Female', 0, '', 0, 0, 0, 0, '', '', '0000-00-00', '', '', '', 0, 0, '', '', '', '', '', '', '', '', '', '', '', '', ''),
(242, 'Not Active', 'ewq', 'ewq', 'ewq', '', 'Single', 'Female', 0, '', 0, 0, 0, 0, '', '', '0000-00-00', '', '', '', 0, 0, '', '', '', '', '', '', '', '', '', '', '', '', ''),
(243, 'Not Active', 'ewq', 'dsa', 'cxzc', '', 'Married', 'Female', 0, '', 0, 0, 0, 0, '', '', '0000-00-00', '', '', '', 0, 0, '', '', '', '', '', '', '', '', '', '', '', '', ''),
(244, 'Not Active', 'czx', 'xcz', 'czxcxz', '', 'Divorced', 'Female', 0, '', 0, 0, 0, 0, '', '', '0000-00-00', '', '', '', 0, 0, '', '', '', '', '', '', '', '', '', '', '', '', ''),
(245, '', '', '', '', '', '', '', 0, '', 0, 0, 0, 0, '', '', '0000-00-00', '', '', '', 0, 0, '', '', '', '', '', '', '', '', '', '', '', '', ''),
(246, '', '', '', '', '', '', '', 0, '', 0, 0, 0, 0, '', '', '0000-00-00', '', '', '', 0, 0, '', '', '', '', '', '', '', '', '', '', '', '', ''),
(247, 'Not Active', 'cxzzz', 'ewq', 'ewqewq', '', 'Divorced', 'Female', 0, '', 0, 0, 0, 0, '', '', '0000-00-00', '', '', '', 0, 0, '', '', '', '', '', '', '', '', '', '', '', '', ''),
(248, 'Not Active', 'cong ', 'tv', '312123', '', 'Single', 'Female', 0, '', 0, 0, 0, 0, '', '', '0000-00-00', '', '', '', 0, 0, '', '', '', '', '', '', '', '', '', '', '', '', '');

-- --------------------------------------------------------

--
-- Table structure for table `applicant_training_tbl`
--

CREATE TABLE `applicant_training_tbl` (
  `trainingid` int(11) NOT NULL,
  `applicantid` int(11) NOT NULL,
  `trainingcertificate` varchar(50) COLLATE utf8_unicode_ci NOT NULL,
  `traininglicenseNo` varchar(50) COLLATE utf8_unicode_ci NOT NULL
) ENGINE=InnoDB DEFAULT CHARSET=utf8 COLLATE=utf8_unicode_ci;

-- --------------------------------------------------------

--
-- Table structure for table `benefeciaries`
--

CREATE TABLE `benefeciaries` (
  `legalId` mediumint(11) NOT NULL,
  `applicantid` int(11) NOT NULL,
  `beneficiariesName` varchar(50) COLLATE utf8_unicode_ci NOT NULL,
  `beneficiariesRelation` varchar(50) COLLATE utf8_unicode_ci NOT NULL,
  `benficiariesAddress` varchar(100) COLLATE utf8_unicode_ci NOT NULL
) ENGINE=InnoDB DEFAULT CHARSET=utf8 COLLATE=utf8_unicode_ci;

--
-- Dumping data for table `benefeciaries`
--

INSERT INTO `benefeciaries` (`legalId`, `applicantid`, `beneficiariesName`, `beneficiariesRelation`, `benficiariesAddress`) VALUES
(1, 8, 'a', 'a', 'a'),
(2, 8, 'b', 'b', 'b'),
(3, 8, 'c', 'c', 'c'),
(4, 10, '1', '1', '1'),
(5, 10, '2', '2', '2'),
(6, 10, '3', '3', '3'),
(7, 10, '4', '4', '4'),
(8, 10, '5', '5', '5'),
(9, 13, 'test', 'test', 'test'),
(10, 13, 'ew', 'ewq', 'eq'),
(11, 14, 'ewq', 'ewq', 'ewq'),
(12, 14, 'test', 'test', 'ewq'),
(13, 14, 'test', 'test', 'test'),
(14, 14, 'ewq', 'ewq', 'ewq'),
(15, 14, 'ewq', 'eq', 'weq'),
(16, 14, 'ewq', 'ewq', 'ewq'),
(17, 14, 'ewq', 'ewq', 'ewq'),
(18, 15, 'ewq', 'wqe', 'ewq'),
(19, 15, 'ewq', 'ewq', 'ewq'),
(20, 16, 'tes', 'ew', 'ewq'),
(21, 16, 'ewq', 'ewq', 'ewq'),
(22, 17, 'dsa', 'dsa', 'dsa'),
(23, 17, 'dsa', 'dsa', 'da'),
(24, 17, 'ewq', 'ewq', 'ewq'),
(25, 17, 'ewq', 'ewq', 'ewq'),
(26, 17, 'ewq', 'ewqe', 'wq'),
(27, 17, 'dsa', 'dsa', 'dsa'),
(28, 17, 'ewq', 'eq', 'ewq'),
(29, 17, 'dsa', 'dsa', 'dsa'),
(30, 18, 'dsa', 'dsa', 'dsa'),
(31, 18, 'dsa', 'dsa', 'dsa'),
(32, 18, 'dsa', 'dsa', 'dsa'),
(33, 19, 'a', 'a', 'a'),
(34, 19, 'a', 'a', 'a'),
(35, 19, 'ewq', 'ewq', 'ewq'),
(36, 19, 'a', 'a', 'a'),
(37, 19, 's', 's', 's'),
(38, 19, 's', 's', 's'),
(39, 19, 'eq', 'q', 'q'),
(40, 19, 's', 's', 's'),
(41, 19, 'ewqe', 'ewq', 'ewq'),
(42, 19, 's', 's', 's'),
(43, 19, 'a', 'a', 'a'),
(44, 19, 's', 's', 's'),
(45, 19, 's', 's', 's'),
(46, 20, 'test', 'ewq', 'ewq'),
(47, 20, 'ewq', 'ewq', 'ewq'),
(48, 21, 'ewq', 'ewq', 'ewq'),
(49, 31, 'dsa', 'dsa', 'dsa'),
(50, 5, 'test', 'test', 'test'),
(51, 5, 'a', 'a', 'a'),
(52, 101, 'dsa', 'dsa', 'dsa'),
(53, 103, 'aaaaaaaaa', 'aaaaaaa', 'aaaaaaa'),
(54, 104, 'sa', 'sa', 'sa'),
(55, 104, 'sa', 'sa', 'sa'),
(56, 105, 'https://www.youtube.com/', 'https://www.youtube.com/', 'https://www.youtube.com/');

-- --------------------------------------------------------

--
-- Table structure for table `certificates_training_tbl`
--

CREATE TABLE `certificates_training_tbl` (
  `ctid` int(11) NOT NULL,
  `title` varchar(50) COLLATE utf8_unicode_ci NOT NULL,
  `category` varchar(50) COLLATE utf8_unicode_ci NOT NULL
) ENGINE=InnoDB DEFAULT CHARSET=utf8 COLLATE=utf8_unicode_ci;

--
-- Dumping data for table `certificates_training_tbl`
--

INSERT INTO `certificates_training_tbl` (`ctid`, `title`, `category`) VALUES
(1, 'ewqewq', 'dsadsa'),
(2, '', ''),
(3, 'Abc', 'odsaoiewq');

-- --------------------------------------------------------

--
-- Table structure for table `country`
--

CREATE TABLE `country` (
  `id` int(11) NOT NULL,
  `iso` char(2) NOT NULL,
  `name` varchar(80) NOT NULL,
  `nicename` varchar(80) NOT NULL,
  `iso3` char(3) DEFAULT NULL,
  `numcode` smallint(6) DEFAULT NULL,
  `phonecode` int(5) NOT NULL
) ENGINE=MyISAM DEFAULT CHARSET=latin1;

--
-- Dumping data for table `country`
--

INSERT INTO `country` (`id`, `iso`, `name`, `nicename`, `iso3`, `numcode`, `phonecode`) VALUES
(1, 'AF', 'AFGHANISTAN', 'Afghanistan', 'AFG', 4, 93),
(2, 'AL', 'ALBANIA', 'Albania', 'ALB', 8, 355),
(3, 'DZ', 'ALGERIA', 'Algeria', 'DZA', 12, 213),
(4, 'AS', 'AMERICAN SAMOA', 'American Samoa', 'ASM', 16, 1684),
(5, 'AD', 'ANDORRA', 'Andorra', 'AND', 20, 376),
(6, 'AO', 'ANGOLA', 'Angola', 'AGO', 24, 244),
(7, 'AI', 'ANGUILLA', 'Anguilla', 'AIA', 660, 1264),
(8, 'AQ', 'ANTARCTICA', 'Antarctica', NULL, NULL, 0),
(9, 'AG', 'ANTIGUA AND BARBUDA', 'Antigua and Barbuda', 'ATG', 28, 1268),
(10, 'AR', 'ARGENTINA', 'Argentina', 'ARG', 32, 54),
(11, 'AM', 'ARMENIA', 'Armenia', 'ARM', 51, 374),
(12, 'AW', 'ARUBA', 'Aruba', 'ABW', 533, 297),
(13, 'AU', 'AUSTRALIA', 'Australia', 'AUS', 36, 61),
(14, 'AT', 'AUSTRIA', 'Austria', 'AUT', 40, 43),
(15, 'AZ', 'AZERBAIJAN', 'Azerbaijan', 'AZE', 31, 994),
(16, 'BS', 'BAHAMAS', 'Bahamas', 'BHS', 44, 1242),
(17, 'BH', 'BAHRAIN', 'Bahrain', 'BHR', 48, 973),
(18, 'BD', 'BANGLADESH', 'Bangladesh', 'BGD', 50, 880),
(19, 'BB', 'BARBADOS', 'Barbados', 'BRB', 52, 1246),
(20, 'BY', 'BELARUS', 'Belarus', 'BLR', 112, 375),
(21, 'BE', 'BELGIUM', 'Belgium', 'BEL', 56, 32),
(22, 'BZ', 'BELIZE', 'Belize', 'BLZ', 84, 501),
(23, 'BJ', 'BENIN', 'Benin', 'BEN', 204, 229),
(24, 'BM', 'BERMUDA', 'Bermuda', 'BMU', 60, 1441),
(25, 'BT', 'BHUTAN', 'Bhutan', 'BTN', 64, 975),
(26, 'BO', 'BOLIVIA', 'Bolivia', 'BOL', 68, 591),
(27, 'BA', 'BOSNIA AND HERZEGOVINA', 'Bosnia and Herzegovina', 'BIH', 70, 387),
(28, 'BW', 'BOTSWANA', 'Botswana', 'BWA', 72, 267),
(29, 'BV', 'BOUVET ISLAND', 'Bouvet Island', NULL, NULL, 0),
(30, 'BR', 'BRAZIL', 'Brazil', 'BRA', 76, 55),
(31, 'IO', 'BRITISH INDIAN OCEAN TERRITORY', 'British Indian Ocean Territory', NULL, NULL, 246),
(32, 'BN', 'BRUNEI DARUSSALAM', 'Brunei Darussalam', 'BRN', 96, 673),
(33, 'BG', 'BULGARIA', 'Bulgaria', 'BGR', 100, 359),
(34, 'BF', 'BURKINA FASO', 'Burkina Faso', 'BFA', 854, 226),
(35, 'BI', 'BURUNDI', 'Burundi', 'BDI', 108, 257),
(36, 'KH', 'CAMBODIA', 'Cambodia', 'KHM', 116, 855),
(37, 'CM', 'CAMEROON', 'Cameroon', 'CMR', 120, 237),
(38, 'CA', 'CANADA', 'Canada', 'CAN', 124, 1),
(39, 'CV', 'CAPE VERDE', 'Cape Verde', 'CPV', 132, 238),
(40, 'KY', 'CAYMAN ISLANDS', 'Cayman Islands', 'CYM', 136, 1345),
(41, 'CF', 'CENTRAL AFRICAN REPUBLIC', 'Central African Republic', 'CAF', 140, 236),
(42, 'TD', 'CHAD', 'Chad', 'TCD', 148, 235),
(43, 'CL', 'CHILE', 'Chile', 'CHL', 152, 56),
(44, 'CN', 'CHINA', 'China', 'CHN', 156, 86),
(45, 'CX', 'CHRISTMAS ISLAND', 'Christmas Island', NULL, NULL, 61),
(46, 'CC', 'COCOS (KEELING) ISLANDS', 'Cocos (Keeling) Islands', NULL, NULL, 672),
(47, 'CO', 'COLOMBIA', 'Colombia', 'COL', 170, 57),
(48, 'KM', 'COMOROS', 'Comoros', 'COM', 174, 269),
(49, 'CG', 'CONGO', 'Congo', 'COG', 178, 242),
(50, 'CD', 'CONGO, THE DEMOCRATIC REPUBLIC OF THE', 'Congo, the Democratic Republic of the', 'COD', 180, 242),
(51, 'CK', 'COOK ISLANDS', 'Cook Islands', 'COK', 184, 682),
(52, 'CR', 'COSTA RICA', 'Costa Rica', 'CRI', 188, 506),
(53, 'CI', 'COTE D\'IVOIRE', 'Cote D\'Ivoire', 'CIV', 384, 225),
(54, 'HR', 'CROATIA', 'Croatia', 'HRV', 191, 385),
(55, 'CU', 'CUBA', 'Cuba', 'CUB', 192, 53),
(56, 'CY', 'CYPRUS', 'Cyprus', 'CYP', 196, 357),
(57, 'CZ', 'CZECH REPUBLIC', 'Czech Republic', 'CZE', 203, 420),
(58, 'DK', 'DENMARK', 'Denmark', 'DNK', 208, 45),
(59, 'DJ', 'DJIBOUTI', 'Djibouti', 'DJI', 262, 253),
(60, 'DM', 'DOMINICA', 'Dominica', 'DMA', 212, 1767),
(61, 'DO', 'DOMINICAN REPUBLIC', 'Dominican Republic', 'DOM', 214, 1809),
(62, 'EC', 'ECUADOR', 'Ecuador', 'ECU', 218, 593),
(63, 'EG', 'EGYPT', 'Egypt', 'EGY', 818, 20),
(64, 'SV', 'EL SALVADOR', 'El Salvador', 'SLV', 222, 503),
(65, 'GQ', 'EQUATORIAL GUINEA', 'Equatorial Guinea', 'GNQ', 226, 240),
(66, 'ER', 'ERITREA', 'Eritrea', 'ERI', 232, 291),
(67, 'EE', 'ESTONIA', 'Estonia', 'EST', 233, 372),
(68, 'ET', 'ETHIOPIA', 'Ethiopia', 'ETH', 231, 251),
(69, 'FK', 'FALKLAND ISLANDS (MALVINAS)', 'Falkland Islands (Malvinas)', 'FLK', 238, 500),
(70, 'FO', 'FAROE ISLANDS', 'Faroe Islands', 'FRO', 234, 298),
(71, 'FJ', 'FIJI', 'Fiji', 'FJI', 242, 679),
(72, 'FI', 'FINLAND', 'Finland', 'FIN', 246, 358),
(73, 'FR', 'FRANCE', 'France', 'FRA', 250, 33),
(74, 'GF', 'FRENCH GUIANA', 'French Guiana', 'GUF', 254, 594),
(75, 'PF', 'FRENCH POLYNESIA', 'French Polynesia', 'PYF', 258, 689),
(76, 'TF', 'FRENCH SOUTHERN TERRITORIES', 'French Southern Territories', NULL, NULL, 0),
(77, 'GA', 'GABON', 'Gabon', 'GAB', 266, 241),
(78, 'GM', 'GAMBIA', 'Gambia', 'GMB', 270, 220),
(79, 'GE', 'GEORGIA', 'Georgia', 'GEO', 268, 995),
(80, 'DE', 'GERMANY', 'Germany', 'DEU', 276, 49),
(81, 'GH', 'GHANA', 'Ghana', 'GHA', 288, 233),
(82, 'GI', 'GIBRALTAR', 'Gibraltar', 'GIB', 292, 350),
(83, 'GR', 'GREECE', 'Greece', 'GRC', 300, 30),
(84, 'GL', 'GREENLAND', 'Greenland', 'GRL', 304, 299),
(85, 'GD', 'GRENADA', 'Grenada', 'GRD', 308, 1473),
(86, 'GP', 'GUADELOUPE', 'Guadeloupe', 'GLP', 312, 590),
(87, 'GU', 'GUAM', 'Guam', 'GUM', 316, 1671),
(88, 'GT', 'GUATEMALA', 'Guatemala', 'GTM', 320, 502),
(89, 'GN', 'GUINEA', 'Guinea', 'GIN', 324, 224),
(90, 'GW', 'GUINEA-BISSAU', 'Guinea-Bissau', 'GNB', 624, 245),
(91, 'GY', 'GUYANA', 'Guyana', 'GUY', 328, 592),
(92, 'HT', 'HAITI', 'Haiti', 'HTI', 332, 509),
(93, 'HM', 'HEARD ISLAND AND MCDONALD ISLANDS', 'Heard Island and Mcdonald Islands', NULL, NULL, 0),
(94, 'VA', 'HOLY SEE (VATICAN CITY STATE)', 'Holy See (Vatican City State)', 'VAT', 336, 39),
(95, 'HN', 'HONDURAS', 'Honduras', 'HND', 340, 504),
(96, 'HK', 'HONG KONG', 'Hong Kong', 'HKG', 344, 852),
(97, 'HU', 'HUNGARY', 'Hungary', 'HUN', 348, 36),
(98, 'IS', 'ICELAND', 'Iceland', 'ISL', 352, 354),
(99, 'IN', 'INDIA', 'India', 'IND', 356, 91),
(100, 'ID', 'INDONESIA', 'Indonesia', 'IDN', 360, 62),
(101, 'IR', 'IRAN, ISLAMIC REPUBLIC OF', 'Iran, Islamic Republic of', 'IRN', 364, 98),
(102, 'IQ', 'IRAQ', 'Iraq', 'IRQ', 368, 964),
(103, 'IE', 'IRELAND', 'Ireland', 'IRL', 372, 353),
(104, 'IL', 'ISRAEL', 'Israel', 'ISR', 376, 972),
(105, 'IT', 'ITALY', 'Italy', 'ITA', 380, 39),
(106, 'JM', 'JAMAICA', 'Jamaica', 'JAM', 388, 1876),
(107, 'JP', 'JAPAN', 'Japan', 'JPN', 392, 81),
(108, 'JO', 'JORDAN', 'Jordan', 'JOR', 400, 962),
(109, 'KZ', 'KAZAKHSTAN', 'Kazakhstan', 'KAZ', 398, 7),
(110, 'KE', 'KENYA', 'Kenya', 'KEN', 404, 254),
(111, 'KI', 'KIRIBATI', 'Kiribati', 'KIR', 296, 686),
(112, 'KP', 'KOREA, DEMOCRATIC PEOPLE\'S REPUBLIC OF', 'Korea, Democratic People\'s Republic of', 'PRK', 408, 850),
(113, 'KR', 'KOREA, REPUBLIC OF', 'Korea, Republic of', 'KOR', 410, 82),
(114, 'KW', 'KUWAIT', 'Kuwait', 'KWT', 414, 965),
(115, 'KG', 'KYRGYZSTAN', 'Kyrgyzstan', 'KGZ', 417, 996),
(116, 'LA', 'LAO PEOPLE\'S DEMOCRATIC REPUBLIC', 'Lao People\'s Democratic Republic', 'LAO', 418, 856),
(117, 'LV', 'LATVIA', 'Latvia', 'LVA', 428, 371),
(118, 'LB', 'LEBANON', 'Lebanon', 'LBN', 422, 961),
(119, 'LS', 'LESOTHO', 'Lesotho', 'LSO', 426, 266),
(120, 'LR', 'LIBERIA', 'Liberia', 'LBR', 430, 231),
(121, 'LY', 'LIBYAN ARAB JAMAHIRIYA', 'Libyan Arab Jamahiriya', 'LBY', 434, 218),
(122, 'LI', 'LIECHTENSTEIN', 'Liechtenstein', 'LIE', 438, 423),
(123, 'LT', 'LITHUANIA', 'Lithuania', 'LTU', 440, 370),
(124, 'LU', 'LUXEMBOURG', 'Luxembourg', 'LUX', 442, 352),
(125, 'MO', 'MACAO', 'Macao', 'MAC', 446, 853),
(126, 'MK', 'MACEDONIA, THE FORMER YUGOSLAV REPUBLIC OF', 'Macedonia, the Former Yugoslav Republic of', 'MKD', 807, 389),
(127, 'MG', 'MADAGASCAR', 'Madagascar', 'MDG', 450, 261),
(128, 'MW', 'MALAWI', 'Malawi', 'MWI', 454, 265),
(129, 'MY', 'MALAYSIA', 'Malaysia', 'MYS', 458, 60),
(130, 'MV', 'MALDIVES', 'Maldives', 'MDV', 462, 960),
(131, 'ML', 'MALI', 'Mali', 'MLI', 466, 223),
(132, 'MT', 'MALTA', 'Malta', 'MLT', 470, 356),
(133, 'MH', 'MARSHALL ISLANDS', 'Marshall Islands', 'MHL', 584, 692),
(134, 'MQ', 'MARTINIQUE', 'Martinique', 'MTQ', 474, 596),
(135, 'MR', 'MAURITANIA', 'Mauritania', 'MRT', 478, 222),
(136, 'MU', 'MAURITIUS', 'Mauritius', 'MUS', 480, 230),
(137, 'YT', 'MAYOTTE', 'Mayotte', NULL, NULL, 269),
(138, 'MX', 'MEXICO', 'Mexico', 'MEX', 484, 52),
(139, 'FM', 'MICRONESIA, FEDERATED STATES OF', 'Micronesia, Federated States of', 'FSM', 583, 691),
(140, 'MD', 'MOLDOVA, REPUBLIC OF', 'Moldova, Republic of', 'MDA', 498, 373),
(141, 'MC', 'MONACO', 'Monaco', 'MCO', 492, 377),
(142, 'MN', 'MONGOLIA', 'Mongolia', 'MNG', 496, 976),
(143, 'MS', 'MONTSERRAT', 'Montserrat', 'MSR', 500, 1664),
(144, 'MA', 'MOROCCO', 'Morocco', 'MAR', 504, 212),
(145, 'MZ', 'MOZAMBIQUE', 'Mozambique', 'MOZ', 508, 258),
(146, 'MM', 'MYANMAR', 'Myanmar', 'MMR', 104, 95),
(147, 'NA', 'NAMIBIA', 'Namibia', 'NAM', 516, 264),
(148, 'NR', 'NAURU', 'Nauru', 'NRU', 520, 674),
(149, 'NP', 'NEPAL', 'Nepal', 'NPL', 524, 977),
(150, 'NL', 'NETHERLANDS', 'Netherlands', 'NLD', 528, 31),
(151, 'AN', 'NETHERLANDS ANTILLES', 'Netherlands Antilles', 'ANT', 530, 599),
(152, 'NC', 'NEW CALEDONIA', 'New Caledonia', 'NCL', 540, 687),
(153, 'NZ', 'NEW ZEALAND', 'New Zealand', 'NZL', 554, 64),
(154, 'NI', 'NICARAGUA', 'Nicaragua', 'NIC', 558, 505),
(155, 'NE', 'NIGER', 'Niger', 'NER', 562, 227),
(156, 'NG', 'NIGERIA', 'Nigeria', 'NGA', 566, 234),
(157, 'NU', 'NIUE', 'Niue', 'NIU', 570, 683),
(158, 'NF', 'NORFOLK ISLAND', 'Norfolk Island', 'NFK', 574, 672),
(159, 'MP', 'NORTHERN MARIANA ISLANDS', 'Northern Mariana Islands', 'MNP', 580, 1670),
(160, 'NO', 'NORWAY', 'Norway', 'NOR', 578, 47),
(161, 'OM', 'OMAN', 'Oman', 'OMN', 512, 968),
(162, 'PK', 'PAKISTAN', 'Pakistan', 'PAK', 586, 92),
(163, 'PW', 'PALAU', 'Palau', 'PLW', 585, 680),
(164, 'PS', 'PALESTINIAN TERRITORY, OCCUPIED', 'Palestinian Territory, Occupied', NULL, NULL, 970),
(165, 'PA', 'PANAMA', 'Panama', 'PAN', 591, 507),
(166, 'PG', 'PAPUA NEW GUINEA', 'Papua New Guinea', 'PNG', 598, 675),
(167, 'PY', 'PARAGUAY', 'Paraguay', 'PRY', 600, 595),
(168, 'PE', 'PERU', 'Peru', 'PER', 604, 51),
(169, 'PH', 'PHILIPPINES', 'Philippines', 'PHL', 608, 63),
(170, 'PN', 'PITCAIRN', 'Pitcairn', 'PCN', 612, 0),
(171, 'PL', 'POLAND', 'Poland', 'POL', 616, 48),
(172, 'PT', 'PORTUGAL', 'Portugal', 'PRT', 620, 351),
(173, 'PR', 'PUERTO RICO', 'Puerto Rico', 'PRI', 630, 1787),
(174, 'QA', 'QATAR', 'Qatar', 'QAT', 634, 974),
(175, 'RE', 'REUNION', 'Reunion', 'REU', 638, 262),
(176, 'RO', 'ROMANIA', 'Romania', 'ROM', 642, 40),
(177, 'RU', 'RUSSIAN FEDERATION', 'Russian Federation', 'RUS', 643, 70),
(178, 'RW', 'RWANDA', 'Rwanda', 'RWA', 646, 250),
(179, 'SH', 'SAINT HELENA', 'Saint Helena', 'SHN', 654, 290),
(180, 'KN', 'SAINT KITTS AND NEVIS', 'Saint Kitts and Nevis', 'KNA', 659, 1869),
(181, 'LC', 'SAINT LUCIA', 'Saint Lucia', 'LCA', 662, 1758),
(182, 'PM', 'SAINT PIERRE AND MIQUELON', 'Saint Pierre and Miquelon', 'SPM', 666, 508),
(183, 'VC', 'SAINT VINCENT AND THE GRENADINES', 'Saint Vincent and the Grenadines', 'VCT', 670, 1784),
(184, 'WS', 'SAMOA', 'Samoa', 'WSM', 882, 684),
(185, 'SM', 'SAN MARINO', 'San Marino', 'SMR', 674, 378),
(186, 'ST', 'SAO TOME AND PRINCIPE', 'Sao Tome and Principe', 'STP', 678, 239),
(187, 'SA', 'SAUDI ARABIA', 'Saudi Arabia', 'SAU', 682, 966),
(188, 'SN', 'SENEGAL', 'Senegal', 'SEN', 686, 221),
(189, 'CS', 'SERBIA AND MONTENEGRO', 'Serbia and Montenegro', NULL, NULL, 381),
(190, 'SC', 'SEYCHELLES', 'Seychelles', 'SYC', 690, 248),
(191, 'SL', 'SIERRA LEONE', 'Sierra Leone', 'SLE', 694, 232),
(192, 'SG', 'SINGAPORE', 'Singapore', 'SGP', 702, 65),
(193, 'SK', 'SLOVAKIA', 'Slovakia', 'SVK', 703, 421),
(194, 'SI', 'SLOVENIA', 'Slovenia', 'SVN', 705, 386),
(195, 'SB', 'SOLOMON ISLANDS', 'Solomon Islands', 'SLB', 90, 677),
(196, 'SO', 'SOMALIA', 'Somalia', 'SOM', 706, 252),
(197, 'ZA', 'SOUTH AFRICA', 'South Africa', 'ZAF', 710, 27),
(198, 'GS', 'SOUTH GEORGIA AND THE SOUTH SANDWICH ISLANDS', 'South Georgia and the South Sandwich Islands', NULL, NULL, 0),
(199, 'ES', 'SPAIN', 'Spain', 'ESP', 724, 34),
(200, 'LK', 'SRI LANKA', 'Sri Lanka', 'LKA', 144, 94),
(201, 'SD', 'SUDAN', 'Sudan', 'SDN', 736, 249),
(202, 'SR', 'SURINAME', 'Suriname', 'SUR', 740, 597),
(203, 'SJ', 'SVALBARD AND JAN MAYEN', 'Svalbard and Jan Mayen', 'SJM', 744, 47),
(204, 'SZ', 'SWAZILAND', 'Swaziland', 'SWZ', 748, 268),
(205, 'SE', 'SWEDEN', 'Sweden', 'SWE', 752, 46),
(206, 'CH', 'SWITZERLAND', 'Switzerland', 'CHE', 756, 41),
(207, 'SY', 'SYRIAN ARAB REPUBLIC', 'Syrian Arab Republic', 'SYR', 760, 963),
(208, 'TW', 'TAIWAN, PROVINCE OF CHINA', 'Taiwan, Province of China', 'TWN', 158, 886),
(209, 'TJ', 'TAJIKISTAN', 'Tajikistan', 'TJK', 762, 992),
(210, 'TZ', 'TANZANIA, UNITED REPUBLIC OF', 'Tanzania, United Republic of', 'TZA', 834, 255),
(211, 'TH', 'THAILAND', 'Thailand', 'THA', 764, 66),
(212, 'TL', 'TIMOR-LESTE', 'Timor-Leste', NULL, NULL, 670),
(213, 'TG', 'TOGO', 'Togo', 'TGO', 768, 228),
(214, 'TK', 'TOKELAU', 'Tokelau', 'TKL', 772, 690),
(215, 'TO', 'TONGA', 'Tonga', 'TON', 776, 676),
(216, 'TT', 'TRINIDAD AND TOBAGO', 'Trinidad and Tobago', 'TTO', 780, 1868),
(217, 'TN', 'TUNISIA', 'Tunisia', 'TUN', 788, 216),
(218, 'TR', 'TURKEY', 'Turkey', 'TUR', 792, 90),
(219, 'TM', 'TURKMENISTAN', 'Turkmenistan', 'TKM', 795, 7370),
(220, 'TC', 'TURKS AND CAICOS ISLANDS', 'Turks and Caicos Islands', 'TCA', 796, 1649),
(221, 'TV', 'TUVALU', 'Tuvalu', 'TUV', 798, 688),
(222, 'UG', 'UGANDA', 'Uganda', 'UGA', 800, 256),
(223, 'UA', 'UKRAINE', 'Ukraine', 'UKR', 804, 380),
(224, 'AE', 'UNITED ARAB EMIRATES', 'United Arab Emirates', 'ARE', 784, 971),
(225, 'GB', 'UNITED KINGDOM', 'United Kingdom', 'GBR', 826, 44),
(226, 'US', 'UNITED STATES', 'United States', 'USA', 840, 1),
(227, 'UM', 'UNITED STATES MINOR OUTLYING ISLANDS', 'United States Minor Outlying Islands', NULL, NULL, 1),
(228, 'UY', 'URUGUAY', 'Uruguay', 'URY', 858, 598),
(229, 'UZ', 'UZBEKISTAN', 'Uzbekistan', 'UZB', 860, 998),
(230, 'VU', 'VANUATU', 'Vanuatu', 'VUT', 548, 678),
(231, 'VE', 'VENEZUELA', 'Venezuela', 'VEN', 862, 58),
(232, 'VN', 'VIET NAM', 'Viet Nam', 'VNM', 704, 84),
(233, 'VG', 'VIRGIN ISLANDS, BRITISH', 'Virgin Islands, British', 'VGB', 92, 1284),
(234, 'VI', 'VIRGIN ISLANDS, U.S.', 'Virgin Islands, U.s.', 'VIR', 850, 1340),
(235, 'WF', 'WALLIS AND FUTUNA', 'Wallis and Futuna', 'WLF', 876, 681),
(236, 'EH', 'WESTERN SAHARA', 'Western Sahara', 'ESH', 732, 212),
(237, 'YE', 'YEMEN', 'Yemen', 'YEM', 887, 967),
(238, 'ZM', 'ZAMBIA', 'Zambia', 'ZMB', 894, 260),
(239, 'ZW', 'ZIMBABWE', 'Zimbabwe', 'ZWE', 716, 263);

-- --------------------------------------------------------

--
-- Table structure for table `dependents`
--

CREATE TABLE `dependents` (
  `dependentid` int(11) NOT NULL,
  `applicantid` int(11) NOT NULL,
  `dependentName` varchar(50) COLLATE utf8_unicode_ci NOT NULL,
  `dependentRelation` varchar(50) COLLATE utf8_unicode_ci NOT NULL,
  `dependentDob` varchar(50) COLLATE utf8_unicode_ci NOT NULL
) ENGINE=InnoDB DEFAULT CHARSET=utf8 COLLATE=utf8_unicode_ci;

--
-- Dumping data for table `dependents`
--

INSERT INTO `dependents` (`dependentid`, `applicantid`, `dependentName`, `dependentRelation`, `dependentDob`) VALUES
(1, 21, 'Array', 'Array', '0000-00-00'),
(2, 21, 'Array', 'Array', '0000-00-00'),
(3, 22, 'Array', 'Array', '0000-00-00'),
(4, 26, 'Array', 'Array', '0000-00-00'),
(5, 26, 'Array', 'Array', '0000-00-00'),
(6, 26, 'Array', 'Array', '0000-00-00'),
(7, 28, 'Array', 'Array', '0000-00-00'),
(8, 28, 'Array', 'Array', '0000-00-00'),
(9, 29, 'Array', 'Array', '0000-00-00'),
(10, 29, 'Array', 'Array', '0000-00-00'),
(11, 29, 'Array', 'Array', '0000-00-00'),
(12, 30, 'Array', 'Array', 'Array'),
(13, 30, 'Array', 'Array', 'Array'),
(14, 31, 'dsa', 'dsa', 'sda'),
(15, 31, 's', 's', 's'),
(16, 61, 's', 's', 's'),
(17, 61, 's', 's', 's'),
(18, 62, 'test', 'update', 'update'),
(19, 62, 'test', 'update', 'update'),
(20, 62, 'test', 'update', 'update'),
(21, 62, 'test', 'update', 'update'),
(22, 6, 'q', 'q', 'q'),
(23, 6, 'q', 'q', 'q'),
(24, 6, 'sad', 'sad', 'sad'),
(25, 6, 'a', 'a', 's'),
(26, 6, 'a', 'a', 's'),
(27, 6, 'a', 'a', 's'),
(28, 6, 'd', 'd', 'd'),
(29, 5, 'a', 'a', 'a'),
(30, 101, 'dsa', 'dsa', 'dsa'),
(31, 103, 'aaaaaaa', 'aaaaaa', 'a'),
(32, 104, 'sa', 'sa', 'sa'),
(33, 104, 'sa', 'sa', 'sa'),
(34, 105, 'https://www.youtube.com/', 'https://www.youtube.com/', 'https://www.youtube.com/');

-- --------------------------------------------------------

--
-- Table structure for table `educationalandgov`
--

CREATE TABLE `educationalandgov` (
  `educationalAndGovId` bigint(20) NOT NULL,
  `applicantId` bigint(20) NOT NULL,
  `schoolname` varchar(250) COLLATE utf8_unicode_ci NOT NULL COMMENT 'last school attended',
  `sch_frm_yr` int(11) NOT NULL,
  `sch_to_yr` int(11) NOT NULL,
  `sss_no` varchar(50) COLLATE utf8_unicode_ci NOT NULL,
  `src_sid_no` varchar(50) COLLATE utf8_unicode_ci NOT NULL,
  `ofw_ecard_no` varchar(50) COLLATE utf8_unicode_ci NOT NULL,
  `philhealth_no` varchar(50) COLLATE utf8_unicode_ci NOT NULL,
  `passpost_no` varchar(50) COLLATE utf8_unicode_ci NOT NULL,
  `pagibig_no` varchar(50) COLLATE utf8_unicode_ci NOT NULL
) ENGINE=InnoDB DEFAULT CHARSET=utf8 COLLATE=utf8_unicode_ci;

--
-- Dumping data for table `educationalandgov`
--

INSERT INTO `educationalandgov` (`educationalAndGovId`, `applicantId`, `schoolname`, `sch_frm_yr`, `sch_to_yr`, `sss_no`, `src_sid_no`, `ofw_ecard_no`, `philhealth_no`, `passpost_no`, `pagibig_no`) VALUES
(1, 1, 'dsa', 0, 0, '', 'da', '', '', 'a', 'a'),
(2, 2, '', 0, 0, '', '', '', '', '', ''),
(3, 3, '', 0, 0, '', '', '', '', '', ''),
(4, 4, '', 0, 0, '', '', '', '', '', ''),
(5, 5, '', 0, 0, '', '', '', '', '', ''),
(6, 7, '', 0, 0, '', '', '', '', '', ''),
(7, 8, '', 0, 0, '', '', '', '', '', ''),
(8, 9, '', 0, 0, '', '', '', '', '', ''),
(9, 10, '', 0, 0, '', '', '', '', '', ''),
(10, 11, '', 0, 0, '', '', '', '', '', ''),
(11, 12, '', 0, 0, '', '', '', '', '', ''),
(12, 13, '', 0, 0, '', '', '', '', '', ''),
(13, 14, '', 0, 0, '', '', '', '', '', ''),
(14, 15, '', 0, 0, '', '', '', '', '', ''),
(15, 16, '', 0, 0, '', '', '', '', '', ''),
(16, 17, '', 0, 0, '', '', '', '', '', ''),
(17, 18, '', 0, 0, '', '', '', '', '', ''),
(18, 19, '', 0, 0, '', '', '', '', '', ''),
(19, 20, '', 0, 0, '', '', '', '', '', ''),
(20, 21, '', 0, 0, '', '', '', '', '', ''),
(21, 22, '', 0, 0, '', '', '', '', '', ''),
(22, 23, '', 0, 0, '', '', '', '', '', ''),
(23, 24, '', 0, 0, '', '', '', '', '', ''),
(24, 25, '', 0, 0, '', '', '', '', '', ''),
(25, 26, '', 0, 0, '', '', '', '', '', ''),
(26, 27, '', 0, 0, '', '', '', '', '', ''),
(27, 28, '', 0, 0, '', '', '', '', '', ''),
(28, 29, '', 0, 0, '', '', '', '', '', ''),
(29, 30, '', 0, 0, '', '', '', '', '', ''),
(30, 31, '', 0, 0, '', '', '', '', '', ''),
(31, 32, '', 0, 0, '', '', '', '', '', ''),
(32, 33, '', 0, 0, '', '', '', '', '', ''),
(33, 35, '', 0, 0, '', '', '', '', '', ''),
(34, 36, '', 0, 0, '', '', '', '', '', ''),
(35, 37, '', 0, 0, '', '', '', '', '', ''),
(36, 38, '', 0, 0, '', '', '', '', '', ''),
(37, 39, '', 0, 0, '', '', '', '', '', ''),
(38, 40, 'DLSU TAFT', 2015, 2019, '123', '123', '123', '123', '123', '123'),
(39, 41, '', 0, 0, '', '', '', '', '', ''),
(40, 42, '', 0, 0, '', '', '', '', '', ''),
(41, 61, '', 0, 0, '', '', '', '', '', ''),
(42, 62, '', 0, 0, '', '', '', '', '', ''),
(43, 63, '', 0, 0, '', '', '', '', '', ''),
(44, 64, '', 0, 0, '', '', '', '', '', ''),
(45, 65, '', 0, 0, '', '', '', '', '', ''),
(46, 66, '', 0, 0, '', '', '', '', '', ''),
(47, 67, '', 0, 0, '', '', '', '', '', ''),
(48, 68, '', 0, 0, '', '', '', '', '', ''),
(49, 69, '', 0, 0, '', '', '', '', '', ''),
(50, 70, '', 0, 0, '', '', '', '', '', ''),
(51, 71, '', 0, 0, '', '', '', '', '', ''),
(52, 72, '', 0, 0, '', '', '', '', '', ''),
(53, 73, '', 0, 0, '', '', '', '', '', ''),
(54, 74, '', 0, 0, '', '', '', '', '', ''),
(55, 76, '', 0, 0, '', '', '', '', '', ''),
(56, 77, '', 0, 0, '', '', '', '', '', ''),
(57, 78, '', 0, 0, '', '', '', '', '', ''),
(58, 79, '', 0, 0, '', '', '', '', '', ''),
(59, 80, '', 0, 0, '', '', '', '', '', ''),
(60, 81, '', 0, 0, '', '', '', '', '', ''),
(61, 82, '', 0, 0, '', '', '', '', '', ''),
(62, 83, '', 0, 0, '', '', '', '', '', ''),
(63, 84, '', 0, 0, '', '', '', '', '', ''),
(64, 85, '', 0, 0, '', '', '', '', '', ''),
(65, 86, '', 0, 0, '', '', '', '', '', ''),
(66, 87, '', 0, 0, '', '', '', '', '', ''),
(67, 88, '', 0, 0, '', '', '', '', '', ''),
(68, 89, '', 0, 0, '', '', '', '', '', ''),
(69, 90, '', 0, 0, '', '', '', '', '', ''),
(70, 91, '', 0, 0, '', '', '', '', '', ''),
(71, 92, '', 0, 0, '', '', '', '', '', ''),
(72, 93, '', 0, 0, '', '', '', '', '', ''),
(73, 94, '', 0, 0, '', '', '', '', '', ''),
(74, 95, '', 0, 0, '', '', '', '', '', ''),
(75, 96, '', 0, 0, '', '', '', '', '', ''),
(76, 97, '', 0, 0, '', '', '', '', '', ''),
(77, 100, '', 0, 0, '', '', '', '', '', ''),
(78, 101, '', 0, 0, '', '', '', '', '', ''),
(79, 103, '', 0, 0, '', '', '', '', '', ''),
(80, 104, '', 0, 0, '', '', '', '', '', ''),
(81, 105, '', 0, 0, '', '', '', '', '', ''),
(82, 106, '', 0, 0, '', '', '', '', '', ''),
(83, 107, '', 0, 0, '', '', '', '', '', ''),
(84, 110, '', 0, 0, '', '', '', '', '', ''),
(85, 111, '', 0, 0, '', '', '', '', '', ''),
(86, 112, '', 0, 0, '', '', '', '', '', ''),
(87, 113, '', 0, 0, '', '', '', '', '', ''),
(88, 114, '', 0, 0, '', '', '', '', '', ''),
(89, 115, '', 0, 0, '', '', '', '', '', ''),
(90, 116, '', 0, 0, '', '', '', '', '', ''),
(91, 117, '', 0, 0, '', '', '', '', '', ''),
(92, 118, '', 0, 0, '', '', '', '', '', ''),
(93, 119, '', 0, 0, '', '', '', '', '', ''),
(94, 120, '', 0, 0, '', '', '', '', '', ''),
(95, 121, '', 0, 0, '', '', '', '', '', ''),
(96, 122, '', 0, 0, '', '', '', '', '', ''),
(97, 123, '', 0, 0, '', '', '', '', '', ''),
(98, 124, '', 0, 0, '', '', '', '', '', ''),
(99, 125, '', 0, 0, '', '', '', '', '', ''),
(100, 126, '', 0, 0, '', '', '', '', '', ''),
(101, 127, '', 0, 0, '', '', '', '', '', ''),
(102, 128, '', 0, 0, '', '', '', '', '', ''),
(103, 129, '', 0, 0, '', '', '', '', '', ''),
(104, 130, '', 0, 0, '', '', '', '', '', ''),
(105, 131, '', 0, 0, '', '', '', '', '', ''),
(106, 132, '', 0, 0, '', '', '', '', '', ''),
(107, 133, '', 0, 0, '', '', '', '', '', ''),
(108, 134, '', 0, 0, '', '', '', '', '', ''),
(109, 135, '', 0, 0, '', '', '', '', '', ''),
(110, 136, '', 0, 0, '', '', '', '', '', ''),
(111, 137, '', 0, 0, '', '', '', '', '', ''),
(112, 138, '', 0, 0, '', '', '', '', '', ''),
(113, 139, '', 0, 0, '', '', '', '', '', ''),
(114, 140, '', 0, 0, '', '', '', '', '', ''),
(115, 141, '', 0, 0, '', '', '', '', '', ''),
(116, 142, '', 0, 0, '', '', '', '', '', ''),
(117, 143, '', 0, 0, '', '', '', '', '', ''),
(118, 144, '', 0, 0, '', '', '', '', '', ''),
(119, 145, '', 0, 0, '', '', '', '', '', ''),
(120, 146, '', 0, 0, '', '', '', '', '', ''),
(121, 147, '', 0, 0, '', '', '', '', '', ''),
(122, 148, '', 0, 0, '', '', '', '', '', ''),
(123, 149, '', 0, 0, '', '', '', '', '', ''),
(124, 150, '', 0, 0, '', '', '', '', '', ''),
(125, 151, '', 0, 0, '', '', '', '', '', ''),
(126, 152, '', 0, 0, '', '', '', '', '', ''),
(127, 153, '', 0, 0, '', '', '', '', '', ''),
(128, 154, '', 0, 0, '', '', '', '', '', ''),
(129, 155, '', 0, 0, '', '', '', '', '', ''),
(130, 156, '', 0, 0, '', '', '', '', '', ''),
(131, 161, '', 0, 0, '', '', '', '', '', ''),
(132, 162, '', 0, 0, '', '', '', '', '', ''),
(133, 163, '', 0, 0, '', '', '', '', '', ''),
(134, 165, '', 0, 0, '', '', '', '', '', ''),
(135, 166, '', 0, 0, '', '', '', '', '', ''),
(136, 167, '', 0, 0, '', '', '', '', '', ''),
(137, 168, '', 0, 0, '', '', '', '', '', ''),
(138, 169, '', 0, 0, '', '', '', '', '', ''),
(139, 170, '', 0, 0, '', '', '', '', '', ''),
(140, 171, '', 0, 0, '', '', '', '', '', ''),
(141, 172, '', 0, 0, '', '', '', '', '', ''),
(142, 173, '', 0, 0, '', '', '', '', '', ''),
(143, 174, '', 0, 0, '', '', '', '', '', ''),
(144, 175, '', 0, 0, '', '', '', '', '', ''),
(145, 176, '', 0, 0, '', '', '', '', '', ''),
(146, 177, '', 0, 0, '', '', '', '', '', ''),
(147, 178, '', 0, 0, '', '', '', '', '', ''),
(148, 179, '', 0, 0, '', '', '', '', '', ''),
(149, 180, '', 0, 0, '', '', '', '', '', ''),
(150, 181, '', 0, 0, '', '', '', '', '', ''),
(151, 182, '', 0, 0, '', '', '', '', '', ''),
(152, 184, '', 0, 0, '', '', '', '', '', ''),
(153, 185, '', 0, 0, '', '', '', '', '', ''),
(154, 186, '', 0, 0, '', '', '', '', '', ''),
(155, 187, '', 0, 0, '', '', '', '', '', ''),
(156, 188, '', 0, 0, '', '', '', '', '', ''),
(157, 189, '', 0, 0, '', '', '', '', '', ''),
(158, 190, '', 0, 0, '', '', '', '', '', ''),
(159, 191, '', 0, 0, '', '', '', '', '', ''),
(160, 192, '', 0, 0, '', '', '', '', '', ''),
(161, 193, '', 0, 0, '', '', '', '', '', ''),
(162, 194, '', 0, 0, '', '', '', '', '', ''),
(163, 195, '', 0, 0, '', '', '', '', '', ''),
(164, 199, '', 0, 0, '', '', '', '', '', ''),
(165, 210, '', 0, 0, '', '', '', '', '', ''),
(166, 211, '', 0, 0, '', '', '', '', '', ''),
(167, 212, '', 0, 0, '', '', '', '', '', ''),
(168, 213, '', 0, 0, '', '', '', '', '', ''),
(169, 214, '', 0, 0, '', '', '', '', '', ''),
(170, 216, '', 0, 0, '', '', '', '', '', ''),
(171, 217, '', 0, 0, '', '', '', '', '', ''),
(172, 226, '', 0, 0, '', '', '', '', '', ''),
(173, 229, '', 0, 0, '', '', '', '', '', ''),
(174, 231, '', 0, 0, '', '', '', '', '', ''),
(175, 232, '', 0, 0, '', '', '', '', '', ''),
(176, 233, '', 0, 0, '', '', '', '', '', ''),
(177, 234, '', 0, 0, '', '', '', '', '', ''),
(178, 235, '', 0, 0, '', '', '', '', '', ''),
(179, 236, '', 0, 0, '', '', '', '', '', ''),
(180, 237, '', 0, 0, '', '', '', '', '', ''),
(181, 239, '', 0, 0, '', '', '', '', '', ''),
(182, 241, '', 0, 0, '', '', '', '', '', ''),
(183, 242, '', 0, 0, '', '', '', '', '', ''),
(184, 243, '', 0, 0, '', '', '', '', '', ''),
(185, 244, '', 0, 0, '', '', '', '', '', ''),
(186, 247, '', 0, 0, '', '', '', '', '', ''),
(187, 248, '', 0, 0, '', '', '', '', '', '');

-- --------------------------------------------------------

--
-- Table structure for table `embarktion_tbl`
--

CREATE TABLE `embarktion_tbl` (
  `embarkationId` bigint(20) NOT NULL,
  `applicantId` bigint(20) NOT NULL,
  `firstname` varchar(50) COLLATE utf8_unicode_ci NOT NULL,
  `lastname` varchar(50) COLLATE utf8_unicode_ci NOT NULL,
  `middlename` varchar(50) COLLATE utf8_unicode_ci NOT NULL,
  `status` varchar(50) COLLATE utf8_unicode_ci NOT NULL,
  `rank` varchar(50) COLLATE utf8_unicode_ci NOT NULL,
  `vessel` varchar(50) COLLATE utf8_unicode_ci NOT NULL,
  `type` varchar(50) COLLATE utf8_unicode_ci NOT NULL,
  `grossTonage` varchar(50) COLLATE utf8_unicode_ci NOT NULL,
  `dateEnrolled` date NOT NULL,
  `port_fdids_1` varchar(50) COLLATE utf8_unicode_ci NOT NULL,
  `duration` varchar(50) COLLATE utf8_unicode_ci NOT NULL,
  `disembarked_fdids_1` varchar(50) COLLATE utf8_unicode_ci NOT NULL,
  `embarkedDate_sbds` date NOT NULL,
  `disembarkedDate_sbds` date NOT NULL,
  `performanceEvaluation` varchar(250) COLLATE utf8_unicode_ci NOT NULL,
  `willingnessToJoin` varchar(250) COLLATE utf8_unicode_ci NOT NULL,
  `availability` varchar(250) COLLATE utf8_unicode_ci NOT NULL,
  `nextVessel` varchar(250) COLLATE utf8_unicode_ci NOT NULL,
  `license` varchar(250) COLLATE utf8_unicode_ci NOT NULL,
  `commentFromPrin` varchar(250) COLLATE utf8_unicode_ci NOT NULL,
  `remarks` varchar(250) COLLATE utf8_unicode_ci NOT NULL,
  `createdBy` bigint(20) NOT NULL,
  `createdDate` datetime NOT NULL,
  `modifiedBy` bigint(20) NOT NULL,
  `modifiedDate` datetime NOT NULL
) ENGINE=InnoDB DEFAULT CHARSET=utf8 COLLATE=utf8_unicode_ci;

--
-- Dumping data for table `embarktion_tbl`
--

INSERT INTO `embarktion_tbl` (`embarkationId`, `applicantId`, `firstname`, `lastname`, `middlename`, `status`, `rank`, `vessel`, `type`, `grossTonage`, `dateEnrolled`, `port_fdids_1`, `duration`, `disembarked_fdids_1`, `embarkedDate_sbds`, `disembarkedDate_sbds`, `performanceEvaluation`, `willingnessToJoin`, `availability`, `nextVessel`, `license`, `commentFromPrin`, `remarks`, `createdBy`, `createdDate`, `modifiedBy`, `modifiedDate`) VALUES
(1, 3, '', '', '', '2', '321', '321', '321', '321', '2019-04-13', '32', '321', '3', '0000-00-00', '2019-04-12', '321', '321', '321', '321', '321', '321', 'fdsafaweqwrwqewewqewq', 0, '0000-00-00 00:00:00', 0, '0000-00-00 00:00:00'),
(2, 3, '', '', '', '2', 'test', '', '', '', '0000-00-00', '', '', '', '0000-00-00', '0000-00-00', '', '', '', '', '', '', '', 0, '0000-00-00 00:00:00', 0, '0000-00-00 00:00:00'),
(3, 3, '', '', '', '2', 'test', '', '', '', '0000-00-00', '', '', '3', '0000-00-00', '0000-00-00', '', '', '', '', '', '', 'er', 0, '0000-00-00 00:00:00', 0, '0000-00-00 00:00:00'),
(4, 32, '19', '19', '', '2', '321', '312', '321', '321', '2019-05-10', '321', '321', '2', '2019-05-11', '2019-05-18', 'ewq', 'ewq', 'ewq', 'eqw', 'eqw', 'ewq', 'ewqewq', 0, '0000-00-00 00:00:00', 0, '0000-00-00 00:00:00'),
(5, 32, '32', '32', '', '3', 'eqw', '', '', '', '0000-00-00', '', '', '', '0000-00-00', '0000-00-00', '', '', '', '', '', '', '', 0, '0000-00-00 00:00:00', 0, '0000-00-00 00:00:00'),
(6, 32, '32', '32', '', '2', 'dsa', '', '', '', '0000-00-00', '', '', '', '0000-00-00', '0000-00-00', '', '', '', '', '', '', '', 0, '0000-00-00 00:00:00', 0, '0000-00-00 00:00:00'),
(7, 32, '32', '32', '', '2', 'aaaa', '', '', '', '0000-00-00', '', '', '', '0000-00-00', '0000-00-00', '', '', '', '', '', '', '', 0, '0000-00-00 00:00:00', 0, '0000-00-00 00:00:00'),
(8, 32, '32', '32', '', '2', 'asdewq1321', '', '', '', '0000-00-00', '', '', '', '0000-00-00', '0000-00-00', '', '', '', '', '', '', '', 0, '0000-00-00 00:00:00', 0, '0000-00-00 00:00:00'),
(9, 32, '6', '6', '6', '2', 'sad', '', '', '', '0000-00-00', '', '', '', '0000-00-00', '0000-00-00', '', '', '', '', '', '', '', 0, '0000-00-00 00:00:00', 0, '0000-00-00 00:00:00');

-- --------------------------------------------------------

--
-- Table structure for table `loan_category`
--

CREATE TABLE `loan_category` (
  `id` int(11) NOT NULL,
  `category` varchar(50) COLLATE utf8_unicode_ci NOT NULL
) ENGINE=InnoDB DEFAULT CHARSET=utf8 COLLATE=utf8_unicode_ci;

--
-- Dumping data for table `loan_category`
--

INSERT INTO `loan_category` (`id`, `category`) VALUES
(1, 'test'),
(2, 'test1'),
(3, 'test12'),
(4, 'test123'),
(5, 'test1234');

-- --------------------------------------------------------

--
-- Table structure for table `loan_type`
--

CREATE TABLE `loan_type` (
  `loan_typeid` int(11) NOT NULL,
  `loan_type` varchar(50) COLLATE utf8_unicode_ci NOT NULL,
  `category` varchar(50) COLLATE utf8_unicode_ci NOT NULL
) ENGINE=InnoDB DEFAULT CHARSET=utf8 COLLATE=utf8_unicode_ci;

--
-- Dumping data for table `loan_type`
--

INSERT INTO `loan_type` (`loan_typeid`, `loan_type`, `category`) VALUES
(1, '', 'test'),
(2, '', 'test'),
(3, 'dsadsa', 'test1');

-- --------------------------------------------------------

--
-- Table structure for table `principal_form`
--

CREATE TABLE `principal_form` (
  `requestid` int(11) NOT NULL,
  `vesselname` varchar(50) COLLATE utf8_unicode_ci NOT NULL,
  `operation_date` date NOT NULL,
  `due_date` date NOT NULL,
  `destination` varchar(100) COLLATE utf8_unicode_ci NOT NULL,
  `total_capacity` bigint(20) NOT NULL,
  `remarks` longtext COLLATE utf8_unicode_ci NOT NULL
) ENGINE=InnoDB DEFAULT CHARSET=utf8 COLLATE=utf8_unicode_ci;

--
-- Dumping data for table `principal_form`
--

INSERT INTO `principal_form` (`requestid`, `vesselname`, `operation_date`, `due_date`, `destination`, `total_capacity`, `remarks`) VALUES
(1, 'ds', '2019-05-25', '2019-05-10', 'ewq', 22, 'ewq'),
(2, 'ds', '2019-05-23', '2019-05-10', 'ewq', 12, 'aaaaaaaaaaaaaaaaaaaaaaaaaaaaaaaaaaaaaaaaaaaaaaaaaaaaaaaaaaaaaaaaaaaaaaaaaaaaaaaaaaaaaaaaaaaaaaaaaaaaaaaaaaaaaaaaaaaaaaaaaaaaaaaaaaaaaaaaaaaaaaaaaaaaaaaaaaaaaaaaaaaaaaaaaaaaaaaaaaaaaaaaaaaaaaaaaaaaaaaaaaaaaaaaaaaaaaaaaaaaaaaaaaaaaaaaaaaaaaaaaaaaaaaaaaaaaaaaaaaaaaaaaaaaaaaaaaaaaaaaaaaaaaaaaaaaaaaaaaaaaaaaaaaaaaaaaaaaaaaaaaaaaaaaaaaaaaaaaaaaaaaaaaaaaaaaaaaaaaaaaaaaaaaaaaaaaaaaaaaaaaaaaaaaaaaaaaaaaaaaaaaaaaaaaaaaaaaaaaaaaaaaaaaaaaaaaaaaaaaaaaaaaaaaaaaaaaaaaaaaaaaaaaaaaaaaaaaaaaaaaaaaaaaaaaaaaaaaaaaaaaaaaaaaaaaaaaaaaaaaaaaaaaaaaaaaaaaaaaaaaaaaaaaaaaaaaaaaaaaaaaaaaaaaaaaaaaaaaaaaaaaaaaaaaaaaaaaaaaaaaaaaaaaaaaaaaaaaaaaaaaaaaaaaaaaaaaaaaaaaaaaaaaaaaaaaaaaaaaaaaaaaaaaaaaaaaaaaaaaaaaaaaaaaaaaaaaaaaaaaaaaaaaaaaaaaaaaaaaaaaaaaaaaaaaaaaaaaaaaaaaaa');

-- --------------------------------------------------------

--
-- Table structure for table `ranks`
--

CREATE TABLE `ranks` (
  `rankid` int(11) NOT NULL,
  `rank` varchar(50) COLLATE utf8_unicode_ci NOT NULL,
  `rankCode` varchar(50) COLLATE utf8_unicode_ci NOT NULL,
  `category` varchar(50) COLLATE utf8_unicode_ci NOT NULL
) ENGINE=InnoDB DEFAULT CHARSET=utf8 COLLATE=utf8_unicode_ci;

--
-- Dumping data for table `ranks`
--

INSERT INTO `ranks` (`rankid`, `rank`, `rankCode`, `category`) VALUES
(1, 'ewq', 'ewq', 'eq'),
(2, '', '', ''),
(3, '', '', ''),
(4, 'test', 'test', 'test'),
(5, 'a', 'a', 'aa'),
(6, 'b', 'b', 'b'),
(7, 'ewq', 'sa', 'ss');

-- --------------------------------------------------------

--
-- Table structure for table `rps`
--

CREATE TABLE `rps` (
  `rpsid` int(11) NOT NULL,
  `applicantid` int(11) NOT NULL,
  `agencyrps` varchar(50) COLLATE utf8_unicode_ci NOT NULL,
  `principalrps` varchar(50) COLLATE utf8_unicode_ci NOT NULL,
  `vesselrps` varchar(50) COLLATE utf8_unicode_ci NOT NULL
) ENGINE=InnoDB DEFAULT CHARSET=utf8 COLLATE=utf8_unicode_ci;

--
-- Dumping data for table `rps`
--

INSERT INTO `rps` (`rpsid`, `applicantid`, `agencyrps`, `principalrps`, `vesselrps`) VALUES
(1, 40, 'test123a', 'test123a', 'test123a');

-- --------------------------------------------------------

--
-- Table structure for table `users`
--

CREATE TABLE `users` (
  `id` bigint(20) NOT NULL,
  `first_name` varchar(100) COLLATE utf8_unicode_ci NOT NULL,
  `last_name` varchar(100) COLLATE utf8_unicode_ci NOT NULL,
  `middle_name` varchar(100) COLLATE utf8_unicode_ci NOT NULL,
  `email` varchar(100) COLLATE utf8_unicode_ci NOT NULL,
  `password` varchar(20) COLLATE utf8_unicode_ci NOT NULL,
  `image` varchar(100) COLLATE utf8_unicode_ci NOT NULL,
  `designation` varchar(50) COLLATE utf8_unicode_ci NOT NULL,
  `department` varchar(50) COLLATE utf8_unicode_ci NOT NULL
) ENGINE=InnoDB DEFAULT CHARSET=utf8 COLLATE=utf8_unicode_ci;

--
-- Dumping data for table `users`
--

INSERT INTO `users` (`id`, `first_name`, `last_name`, `middle_name`, `email`, `password`, `image`, `designation`, `department`) VALUES
(1, 'sf', '', '', 'dfg', '', '', '', ''),
(2, 'sdf', 'sfd', '', 'sdf', 'sdf', '', '', ''),
(3, 'Farrah', 'Vecino', '', 'farve@gmail.com', '123', '', 'Database Adminstrator', ''),
(4, '', '', '', '', '', '', '', ''),
(5, '', '', '', '', 'asd', '', '', ''),
(6, '', '', '', '', '', '', '', ''),
(7, 'sd', 'sdf', '', '', '', '', '', ''),
(8, 'sdf', 'sdf', '', '', '', '', '', ''),
(9, 'df', 'sf', '', '', '', '', '', ''),
(10, 'sdf', '', '', '', '', '', '', ''),
(11, 'sdf', 'sdf', '', 'sdf', '123', '', '', ''),
(12, 'fgh', 'fgh', '', 'ddd', '123', '', '', ''),
(13, 'aaaa', 'sf', '', 'test', '123', '', 'Operations', ''),
(14, '14', 'sdf', '', 'tet', '123', '', 'Database Adminstrator', ''),
(15, '15', 'abc', '', 'admins', '123', '', 'Operations', ''),
(16, 'ewq', 'eqw', '', 'test', '123', '', 'Admin', ''),
(17, 'test', 'test', '', 'qwerty', '123', '', 'Principal', ''),
(18, 'test', 'test', '', 'qwerty', '123', '', 'Principal', ''),
(19, 'main', 'sss', '', 'main', '1234', '', 'Database Adminstrator', ''),
(20, 'hr', 'hr', '', 'hr', '123', '', 'HR', ''),
(21, 'test', 'test', '', '123', '123', '', 'Database Adminstrator', '');

-- --------------------------------------------------------

--
-- Table structure for table `vessel`
--

CREATE TABLE `vessel` (
  `vesselid` int(11) NOT NULL,
  `vesselno` int(11) NOT NULL,
  `vesselname` varchar(100) COLLATE utf8_unicode_ci NOT NULL,
  `principal` varchar(100) COLLATE utf8_unicode_ci NOT NULL,
  `flag` varchar(50) COLLATE utf8_unicode_ci NOT NULL,
  `grosstonage` int(11) NOT NULL,
  `jsu` varchar(100) COLLATE utf8_unicode_ci NOT NULL,
  `enginemake` varchar(100) COLLATE utf8_unicode_ci NOT NULL,
  `portregistry` int(11) NOT NULL,
  `officialno` int(11) NOT NULL,
  `cba` varchar(100) COLLATE utf8_unicode_ci NOT NULL,
  `imono` int(11) NOT NULL,
  `vesselabr` varchar(100) COLLATE utf8_unicode_ci NOT NULL,
  `status` varchar(100) COLLATE utf8_unicode_ci NOT NULL,
  `hpkw` varchar(100) COLLATE utf8_unicode_ci NOT NULL,
  `classification` varchar(100) COLLATE utf8_unicode_ci NOT NULL,
  `type` varchar(100) COLLATE utf8_unicode_ci NOT NULL,
  `dateenrolled` date NOT NULL,
  `yearbuilt` date NOT NULL
) ENGINE=InnoDB DEFAULT CHARSET=utf8 COLLATE=utf8_unicode_ci;

-- --------------------------------------------------------

--
-- Stand-in structure for view `view_name`
-- (See below for the actual view)
--
CREATE TABLE `view_name` (
`firstname` varchar(50)
);

-- --------------------------------------------------------

--
-- Structure for view `view_name`
--
DROP TABLE IF EXISTS `view_name`;

CREATE ALGORITHM=UNDEFINED DEFINER=`root`@`localhost` SQL SECURITY DEFINER VIEW `view_name`  AS  select `applicant_tbl`.`firstname` AS `firstname` from `applicant_tbl` where (`applicant_tbl`.`applicantId` = 40) ;

--
-- Indexes for dumped tables
--

--
-- Indexes for table `alotte`
--
ALTER TABLE `alotte`
  ADD PRIMARY KEY (`alotteid`);

--
-- Indexes for table `applicant_documents`
--
ALTER TABLE `applicant_documents`
  ADD PRIMARY KEY (`documentid`);

--
-- Indexes for table `applicant_image`
--
ALTER TABLE `applicant_image`
  ADD PRIMARY KEY (`imagesid`);

--
-- Indexes for table `applicant_loan`
--
ALTER TABLE `applicant_loan`
  ADD PRIMARY KEY (`loadid`);

--
-- Indexes for table `applicant_tbl`
--
ALTER TABLE `applicant_tbl`
  ADD PRIMARY KEY (`applicantId`);

--
-- Indexes for table `applicant_training_tbl`
--
ALTER TABLE `applicant_training_tbl`
  ADD PRIMARY KEY (`trainingid`);

--
-- Indexes for table `benefeciaries`
--
ALTER TABLE `benefeciaries`
  ADD PRIMARY KEY (`legalId`);

--
-- Indexes for table `certificates_training_tbl`
--
ALTER TABLE `certificates_training_tbl`
  ADD PRIMARY KEY (`ctid`);

--
-- Indexes for table `country`
--
ALTER TABLE `country`
  ADD PRIMARY KEY (`id`);

--
-- Indexes for table `dependents`
--
ALTER TABLE `dependents`
  ADD PRIMARY KEY (`dependentid`);

--
-- Indexes for table `educationalandgov`
--
ALTER TABLE `educationalandgov`
  ADD PRIMARY KEY (`educationalAndGovId`);

--
-- Indexes for table `embarktion_tbl`
--
ALTER TABLE `embarktion_tbl`
  ADD PRIMARY KEY (`embarkationId`);

--
-- Indexes for table `loan_category`
--
ALTER TABLE `loan_category`
  ADD PRIMARY KEY (`id`);

--
-- Indexes for table `loan_type`
--
ALTER TABLE `loan_type`
  ADD PRIMARY KEY (`loan_typeid`);

--
-- Indexes for table `principal_form`
--
ALTER TABLE `principal_form`
  ADD PRIMARY KEY (`requestid`);

--
-- Indexes for table `ranks`
--
ALTER TABLE `ranks`
  ADD PRIMARY KEY (`rankid`);

--
-- Indexes for table `rps`
--
ALTER TABLE `rps`
  ADD PRIMARY KEY (`rpsid`);

--
-- Indexes for table `users`
--
ALTER TABLE `users`
  ADD PRIMARY KEY (`id`);

--
-- Indexes for table `vessel`
--
ALTER TABLE `vessel`
  ADD PRIMARY KEY (`vesselid`);

--
-- AUTO_INCREMENT for dumped tables
--

--
-- AUTO_INCREMENT for table `alotte`
--
ALTER TABLE `alotte`
  MODIFY `alotteid` int(11) NOT NULL AUTO_INCREMENT;

--
-- AUTO_INCREMENT for table `applicant_documents`
--
ALTER TABLE `applicant_documents`
  MODIFY `documentid` int(11) NOT NULL AUTO_INCREMENT, AUTO_INCREMENT=21;

--
-- AUTO_INCREMENT for table `applicant_image`
--
ALTER TABLE `applicant_image`
  MODIFY `imagesid` int(11) NOT NULL AUTO_INCREMENT, AUTO_INCREMENT=33;

--
-- AUTO_INCREMENT for table `applicant_loan`
--
ALTER TABLE `applicant_loan`
  MODIFY `loadid` int(11) NOT NULL AUTO_INCREMENT, AUTO_INCREMENT=9;

--
-- AUTO_INCREMENT for table `applicant_tbl`
--
ALTER TABLE `applicant_tbl`
  MODIFY `applicantId` bigint(20) NOT NULL AUTO_INCREMENT, AUTO_INCREMENT=249;

--
-- AUTO_INCREMENT for table `applicant_training_tbl`
--
ALTER TABLE `applicant_training_tbl`
  MODIFY `trainingid` int(11) NOT NULL AUTO_INCREMENT;

--
-- AUTO_INCREMENT for table `benefeciaries`
--
ALTER TABLE `benefeciaries`
  MODIFY `legalId` mediumint(11) NOT NULL AUTO_INCREMENT, AUTO_INCREMENT=57;

--
-- AUTO_INCREMENT for table `certificates_training_tbl`
--
ALTER TABLE `certificates_training_tbl`
  MODIFY `ctid` int(11) NOT NULL AUTO_INCREMENT, AUTO_INCREMENT=4;

--
-- AUTO_INCREMENT for table `country`
--
ALTER TABLE `country`
  MODIFY `id` int(11) NOT NULL AUTO_INCREMENT, AUTO_INCREMENT=240;

--
-- AUTO_INCREMENT for table `dependents`
--
ALTER TABLE `dependents`
  MODIFY `dependentid` int(11) NOT NULL AUTO_INCREMENT, AUTO_INCREMENT=35;

--
-- AUTO_INCREMENT for table `educationalandgov`
--
ALTER TABLE `educationalandgov`
  MODIFY `educationalAndGovId` bigint(20) NOT NULL AUTO_INCREMENT, AUTO_INCREMENT=188;

--
-- AUTO_INCREMENT for table `embarktion_tbl`
--
ALTER TABLE `embarktion_tbl`
  MODIFY `embarkationId` bigint(20) NOT NULL AUTO_INCREMENT, AUTO_INCREMENT=10;

--
-- AUTO_INCREMENT for table `loan_category`
--
ALTER TABLE `loan_category`
  MODIFY `id` int(11) NOT NULL AUTO_INCREMENT, AUTO_INCREMENT=6;

--
-- AUTO_INCREMENT for table `loan_type`
--
ALTER TABLE `loan_type`
  MODIFY `loan_typeid` int(11) NOT NULL AUTO_INCREMENT, AUTO_INCREMENT=4;

--
-- AUTO_INCREMENT for table `principal_form`
--
ALTER TABLE `principal_form`
  MODIFY `requestid` int(11) NOT NULL AUTO_INCREMENT, AUTO_INCREMENT=3;

--
-- AUTO_INCREMENT for table `ranks`
--
ALTER TABLE `ranks`
  MODIFY `rankid` int(11) NOT NULL AUTO_INCREMENT, AUTO_INCREMENT=8;

--
-- AUTO_INCREMENT for table `rps`
--
ALTER TABLE `rps`
  MODIFY `rpsid` int(11) NOT NULL AUTO_INCREMENT, AUTO_INCREMENT=2;

--
-- AUTO_INCREMENT for table `users`
--
ALTER TABLE `users`
  MODIFY `id` bigint(20) NOT NULL AUTO_INCREMENT, AUTO_INCREMENT=22;

--
-- AUTO_INCREMENT for table `vessel`
--
ALTER TABLE `vessel`
  MODIFY `vesselid` int(11) NOT NULL AUTO_INCREMENT;
COMMIT;

/*!40101 SET CHARACTER_SET_CLIENT=@OLD_CHARACTER_SET_CLIENT */;
/*!40101 SET CHARACTER_SET_RESULTS=@OLD_CHARACTER_SET_RESULTS */;
/*!40101 SET COLLATION_CONNECTION=@OLD_COLLATION_CONNECTION */;
